-- phpMyAdmin SQL Dump
-- version 5.1.1
-- https://www.phpmyadmin.net/
--
-- Host: 127.0.0.1
-- Generation Time: Jan 15, 2023 at 12:30 PM
-- Server version: 10.4.22-MariaDB
-- PHP Version: 7.3.33

SET SQL_MODE = "NO_AUTO_VALUE_ON_ZERO";
START TRANSACTION;
SET time_zone = "+00:00";


/*!40101 SET @OLD_CHARACTER_SET_CLIENT=@@CHARACTER_SET_CLIENT */;
/*!40101 SET @OLD_CHARACTER_SET_RESULTS=@@CHARACTER_SET_RESULTS */;
/*!40101 SET @OLD_COLLATION_CONNECTION=@@COLLATION_CONNECTION */;
/*!40101 SET NAMES utf8mb4 */;

--
-- Database: `project_management`
--

-- --------------------------------------------------------

--
-- Table structure for table `comments`
--

CREATE TABLE `comments` (
  `id` int(11) NOT NULL,
  `userId` int(11) NOT NULL,
  `taskId` int(11) NOT NULL,
  `text` varchar(255) NOT NULL,
  `createdBy` int(11) DEFAULT NULL,
  `updatedBy` int(11) DEFAULT NULL,
  `deletedBy` int(11) DEFAULT NULL,
  `createdAt` datetime NOT NULL,
  `updatedAt` datetime NOT NULL,
  `deletedAt` datetime DEFAULT NULL
) ENGINE=InnoDB DEFAULT CHARSET=utf8mb4;

--
-- Dumping data for table `comments`
--

INSERT INTO `comments` (`id`, `userId`, `taskId`, `text`, `createdBy`, `updatedBy`, `deletedBy`, `createdAt`, `updatedAt`, `deletedAt`) VALUES
(1, 2, 1, 'Hello Work Fast', NULL, NULL, NULL, '2022-09-18 14:25:54', '2022-09-18 14:25:54', NULL),
(2, 2, 1, 'Hello Another comment done', NULL, NULL, 1, '2022-09-19 07:43:12', '2022-09-19 07:43:12', '2022-09-19 09:04:52'),
(3, 1, 1, 'Deadline Set', NULL, NULL, 1, '2022-09-19 08:33:03', '2022-09-19 08:33:03', '2022-09-19 08:41:48'),
(4, 1, 1, 'Early Finished', NULL, NULL, 1, '2022-09-19 08:36:03', '2022-09-19 08:36:03', '2022-09-05 15:09:46'),
(5, 1, 1, 'Hurry Up', NULL, NULL, 1, '2022-09-19 08:37:23', '2022-09-19 09:08:33', '2022-09-19 09:08:33'),
(6, 1, 1, 'Bp Landing Page Setup', NULL, NULL, NULL, '2022-09-19 09:08:55', '2022-09-19 09:08:55', NULL),
(7, 1, 1, 'Another Task', NULL, NULL, 1, '2022-09-19 09:10:22', '2022-09-19 09:17:30', '2022-09-19 09:17:30'),
(8, 3, 1, 'Superb', NULL, NULL, NULL, '2022-09-19 09:23:54', '2022-09-19 09:23:54', NULL),
(9, 1, 2, 'Popup Form Sundor koro', NULL, NULL, NULL, '2022-09-21 05:21:20', '2022-09-21 05:21:20', NULL),
(10, 2, 5, 'Done Task', NULL, NULL, NULL, '2022-09-22 04:29:57', '2022-09-22 04:29:57', NULL),
(11, 1, 5, 'Good Work', NULL, NULL, NULL, '2022-09-22 07:59:04', '2022-09-22 07:59:04', NULL);

-- --------------------------------------------------------

--
-- Table structure for table `meetings`
--

CREATE TABLE `meetings` (
  `id` int(11) NOT NULL,
  `name` varchar(255) NOT NULL,
  `link` varchar(255) NOT NULL,
  `password` varchar(255) DEFAULT NULL,
  `startDate` datetime NOT NULL,
  `endDate` datetime NOT NULL,
  `desc` longtext DEFAULT NULL,
  `createdBy` int(11) DEFAULT NULL,
  `updatedBy` int(11) DEFAULT NULL,
  `deletedBy` int(11) DEFAULT NULL,
  `createdAt` datetime NOT NULL,
  `updatedAt` datetime NOT NULL,
  `deletedAt` datetime DEFAULT NULL
) ENGINE=InnoDB DEFAULT CHARSET=utf8mb4;

--
-- Dumping data for table `meetings`
--

INSERT INTO `meetings` (`id`, `name`, `link`, `password`, `startDate`, `endDate`, `desc`, `createdBy`, `updatedBy`, `deletedBy`, `createdAt`, `updatedAt`, `deletedAt`) VALUES
(1, 'Drik Libraby', 'google Meet', 'google Meet', '2022-12-05 18:00:00', '2022-12-08 18:00:00', 'assign3 redux react', 2, NULL, NULL, '2022-09-28 04:39:52', '2022-09-28 04:39:52', NULL),
(2, 'Decode Lab Meeting', 'google meet', NULL, '2022-09-28 05:40:13', '2022-09-28 10:40:13', '<p>Hello Meeting start</p>', 1, NULL, NULL, '2022-09-28 05:41:17', '2022-09-28 05:41:17', NULL),
(3, 'Drik Libraby', 'google Meet', 'todoest&table=meetings', '2022-12-05 18:00:00', '2022-12-08 18:00:00', 'assign3 redux react', 2, NULL, NULL, '2022-09-28 06:08:12', '2022-09-28 06:08:12', NULL),
(4, 'Law Project Meeting', 'google meet link', NULL, '2022-09-29 08:24:53', '2022-09-29 10:29:53', '<p>Saikat Vai join the meeting</p>', 1, NULL, NULL, '2022-09-28 08:26:10', '2022-09-28 08:26:10', NULL),
(5, 'Drik Invoice', 'zoom link', 'zoom meet', '2023-01-16 09:23:09', '2023-01-16 11:23:09', '<p><br></p>', 1, NULL, NULL, '2023-01-15 11:28:59', '2023-01-15 11:28:59', NULL),
(6, 'Stech', 'link', 'pw', '2023-01-15 11:29:11', '2023-01-15 13:26:11', '<p><img src=\"data:image/png;base64,iVBORw0KGgoAAAANSUhEUgAAAREAAAC5CAMAAAA4cvuLAAABgFBMVEX///8Dm8YAi7gkuOs5TVQAqtq/2+A5Sk8lsuEApNMzWWU7SE00SVA3caJdb3QqZ3c0UFobzf17hosAtd//0UHU7fE3dak6QkUb0f8ybX8qQUn/1EU4T1gAsNgeO0P/zj1EVl0fwu0pk7InqMcjuds7NjQpn8IuhqAZ2P8AksS8wcMOpck9MCw1X2vv8PGSnJ+utrkqmrMfjaseyu42a5gvfpM8PD4ug5xAODRELyr/20z/+NUskbTIzc////X/+uAhwPaEm6Hl6OkfbadolLxFeKP+3oHY3N0AhLT+7aT+2Dv+33NRYmj+zStyfoM+IBAYe5/L2uqZuNVQh7gRMTt/psuiv9peirD+6Z7+21+1zOHc6PRrjac9IxQ3YYD/8MA3a5QcXI3px2knRlnNqz9AFAAmNUTQpC0AvPrBwn3/87mUw6r+53VSv9Sux5SunE4tKDncxk1ypYj+1Fu+z315iGRhaVd4u9bk+/2g1uSDyd6ov8Igb42Qqa5bqce0ztMbw9JdAAATaklEQVR4nO2di38SyZbHeTRp6O5AA8FOd3jHgNDhsYyAcUCRODJGQDQ640zG65117ty77uPuve6uUdH51/dUNY9+QhOaNFF+Hz6JkoKu/nLq1KlTDxyOjTbaaKONNtpoo4022mijjTbaaKONrpqKxbOzs3bR7mqsRPkZ6uiULz55ev/02rVjrGun958++dK4EHHBSM/KmtJnz4HFNbm2j4/vP7Gh3qtTkiGMJGiIPFfhwEgAyv0vyU4QEVpPOkTu6/AY6QtCAkTobF2jLE9riPwAQI7vPz091gLZ/s6e2q9CQIS7EdwNYu1Ofu6mOQ0RIHD8M/x+eqwBsv3rz7bUfhVCRHZjfCzMiyk+E+QrwWo9WMkGtUSKAOIU/0sLZHv7RzsqvxJJRI72rx9mUgf13Rp/gygE+YIeEWBwH//rVIfIl9NsJCKH+9cPMqlaFhGJApGAgY1cm/xDyePrJIIby/0zx9mpDpCvl8i142vH2iazvX3z6yWi40IQkK+TiF4cMgbydRK5r5QCyNdJRCUFkK+MSFFXaiJ3Hr55CHp1x9b7WV5zifxweqwvBRBE5OTkZGcHfryw+56W0xwiT7Tjf61XHRPZk9T76UqbyWwiP5vkoSCyt/OT3Xe1jGYSOZsHRI/Izt5O76Hdt7WEZhI5NQ1kSmQHqXeF242KCMffYMdEyF/MNhktkStsJJiI+Jf96y8zqcP67mHgBscGAxQmsgAQFZHEnt33dXF1EZGUmEqJYfyIBcVYKhZDRFjTTQb0IyayIwFZr2YTWkwEQXDfpIIp9EiNf4LSHPmnBYD8+tRxtzexkESi9woCO7tRjMQsJiBCFiitWJL8s3kgN39tO171pkASiReOkn9NkBhOvxiL1BE8u70AkKcOx6NRg8FAEg9KApNs2g0DC92h3vwLudjzpNKxzgHyi8NxpyezkETiX18TBMPk7aaBBESomKhVgKb/JRXWaD9K0HrF6xxhCOSmisdNNDXxSG4hicRvr/G0YMluHA6JSDimUZgHIhO/OVU4SnA6xWNZLqoDBMZ336n043M87ftiZCI7UyIcmJ8QspvHiEjlsVh5mU4/roiPq+JBXeR4iQjH3mDoIH8QzB59w/8ltn8Uw0TSj9Piy4p4xIcPCykuGqaosJzI9rbE5Pj5mcFF7z7qSThkNsKlo/RaIJGI3BLTtUzmVjp2KyvS2RhblYiwhRsUtVslgxXum+phWKxJRKCgWKvEuGqYC6RYKhwoyIlMLATzuHP3W5VePQQee0ogid9+z7a8AQ6Q+NeGyIEOkahEhNYnUlMQmfiRkYXg2e43P51oBOaxp7IQZCNuUIFbA19iNZGJCwF38e3tk9sy7U2G/xogib86WwgJz9nfcCwjMopHxkROAYg+j70dZTcj2cjf3FgF5EvsjUusI3JT0e1CD3t7JhAFkd6/jYh4KZpgknrrt64gkT/LgRyfOd6cmAaS6P27eyQvdMJM98sg8icFEYfjP8wDSfT+c0yk5bPbu1rnWaOKUFXeaPbUTlUNJLHzN/cESbYGSGxsN9YRIRWhu+OOjoGMEyIqHonef02JQIcD7cbGgbB1RJhfrukS0VqIGkiiF5MBcXvBSOKzJwivBhGhfKpHRA5E30ISvb/LgbhbMGxkkrYZiZVEnhzr2ojKrWqAJP76uqVA4o6CJ7EtM2AlEcfT4/H4f0xkT81DDwhTUBJpNTgbe2BLiTh+OFYRUfoQbXvp9RJ/f83wKhvx2hm5ziXCLkLEcfb8u22UFPpVYyMPdPXiVf53gq6qiLR0FgxfMpFDsXKQSR+mxVt1kcvGonIiQR6I1OREcMGKCERqgRShIOIYL5ZA8YjcqRrO7eYFLRG37xKajf6ijmKRIMhZOTTVPETQIIcmEVG+s7LJ/HRXqdlEWixJrHp0U3oW1xXYCCtmNEJ51qxO9hDlWXWKZ6oo9la+syp27ym0M4fIEAZ8K242JcF4usEg526wR8KouFozEwDTac1mnCDVntXtbtCjwU272czny6B8vtm2nojuRIvRBMxyxRnCIFTtSQOZKRGBIAsaIk6I5PvtZqnfjU62NBHdfqhs3d42IEKyekKORPdpIqpXnNQvHiU1xW/rAek9evG2pyDSQe1WQ8SLJyviAiPf4cQwjBDvliwyFSDCidr5l3AG7vBGUCPocumKTnGRRbtJtMXTHJ1VlryuJCLlEHtvoCoPe3Ii7S7ctBqIuxWVzSDSHIiWDJEAKH5LQhVEJBOrZGLpdDidjmXSMfSzEkuTJBUMZ1LwSGXCqUwM/RRj0OXSlWlZKJipiCI8oK/ZDaOCqGwwI8IjJYpBIFKHsmEoKKIHlL2tBTJyHztyIo4QQ3AeDREKTx7WOJIKDIf1SqU+5AtRroYmdQBK1wI7kYjcgqCqkCKi4QIbprgwX8NEdjOPw5mX++JjMfUymzpIp8gqJhKmqVSUCAdqsfpBjD8S07cymIj4WLZ+hKak3SRApECmoGwWgpujTObothZI4i2uy1sFkRIQaegQoWmKb/g8Ho/X6xn99Dnr8DxuP6GlmUhEuGqYlMJMKlwgwlV6ROQwnDnYjx2KqVuVFJdOsfVdTCRaSFEshCbhOheu3hIzNYmI7hojIBJgUzwdy9ZQuJf573/oDO7wOpG7yJFMa4a636Gm+4UOqOFxe9Rye5w8ZiIQy4YrEpHaPCKHixGRrUNTEzn854lOyuzt3Tt3wUR6D6Y1K8Z1XKu37vFqcIyg+HhoOkx0SSCXT+TI9T8nOuP/Hu5+e3dlVfMzBJ1RNxsDHBITwopsweUTScd+O9Ef/vd63yqqBkTUMdosIN66JaMeO4j8/s9/nGiR9HqPlKvO2vCRH5gH4nHCiCG+fELJDiK1Sux/f9uDEc00G9LrvX1xV123PtpELDcSIxciqQBjnv7yoatNRAqvX//fqzcvHjx69PbRowcvXn2rtygRAnlFSDITiBfNDccti0cunwhE9/M/TuRbZWObmRZSt2qGyz4ixHwiHTCSWqVlAogbA+lbAGS9ieCRea3Rmm8hqMkwXUvGv+tNpJ1EY7rGHCBeXwADsWbwu9ZEmn006OfY2V7V20Ar1SxbS7HGRMp+AYCQB/XWLCBuJ4VXM1o2I3zpIz2TRDplPyMZCF53ZWQenkYAZS4ZoWRlDk2yEZQNYKHy4QId5rkRkZfhzNG++FJMHVVStXSKqEvZAJJKsVFUql7D2YCDUTbg5f71I3y2xAF/g1FmA7hY9pZYOcxkXqLJnzlEioBDwDy4htsIiNfr8Q3xaldCSFo49ykR4SuxajZcrcay1Vi9Gq5UpYxRrJqKVcNhPpaqiuiRzUhEqnVUFpXiYxVeFPlRxqgag0eqmglW08F6NpiuSETgHbOorJiBggG4Wto4Him28yW/gHGQNJn1tgy8qq9R51mOxklGwjoDcSiyijFtVnE3qHpIrWZcdvoKRERTHISJqN4a/R+IJJVdQ7HdaebLoaQg5VBJmmPrbkW/62QDw+FgMBgOAyxXq0l5fkYQlkgS+ZNaoYsHdFSAP/A6YkmyoFce3kavONw5pVccpUs1NRGEcUYZ4XCOeEwsJKCZ9AAc/fIy9mF0RNeCEzBG8zIGz+tutZBuSJ5Pn9aG46J8w9tSh6q+mrzODNBIdktL9rgzJqvWQDi5XjugeeeUhgyId8BhK8KKx5OhfGd57xGHy+rOM62BWLbAD7MNn7ulzBFNuxYWHa3WROpYNYlXjIPL8PgkQee1XsJ5Zc2M1bRzcdasXxbQiRM0P76GV33ttZQsNGVJ65eONKGjHU4vcQUkiz9QyjBq7ZQ3ngDh6leJiAyIm6dXsOK5DEQGV4iIPER1ktakDK80EUXQjlbSWL8L60oRUQ7/0TYBZvmZf3V8e5WIKIF462jiQfcmO4v0P2XVimkLibQa2gVRxoWphvnCklQJIuRF9NextolF8gAloasI+8sGfU3L51uwxq1GjTOPhOc452IXAAY+uYnwRtOXzeRCWwf8MBqSl8/rxyOtBkd6F6lxyz2EZs1Rpji2fAQM62rjgb05IF4nSTamrtVnZCIlGCsvEMfiNXeC7J1wzOpVEmm1fFGOIGumP0QItKtSooasVefeZsvNH+CRO12r6MToBkDc8BkRXNTpdU87Gh0vkifwHZo2kvJopCtMlqy1gUhgOpZE9fXUWZyWI7iC08Sn2HJ7GwWaG49WOXLomfGqlts3HI37UWE60PCasRRPg8JXIDmq7sRehNMxkU6pK0gZBJNIiqX4uCqMQITKGAqM9KgpEa8zW+C48YJTslZoeFrGHyP8yets8DSnWKHKcXxD/7OHJxvgQBTDfY7mG073zIu4PYNCjZy+fWHQ8EC4yij3+rbLIUGYZFQEE0mjdolR5EIYQSD8pTK8B+tzOp2NymBYiKJlfsoKcwSfzSAsrXGt4XcQscg06toXYNEcRw0bvslrpN++xpDiOFpTmsTpoEEDpUAUV0HyNLI8oa4Ujd+GKTWbHVAzXy6X/IwMB0bCzF652W72kzq5IURllB8xWIxM4DQYGaUKfD3bwMrWq3yBisIr9GhMao1eFBjW0Ssq9aH0glnFR1cZTi8zuoqW4VRS5lFNY8QkGTJY+VxsA0G0/tXoaB1TCSMaLxSVhKu/0ItMlkf3L7+MQSnp05wvIQ6tQL3wuQMG1fXPEEozszqHDa2z0CJrZtZNydTtgmtYaDgI/TE9yE3kWy/ldEWRqxjijYVXiLomcq6VXLoaWDPEMxIEJCS7pkT0gbjoFW+NhxiFc60jEgMeObTYjlnlDl+0+H6whkSMgKDx02qPCgBHQq6hIzEAsvo2A/0zhCRUbs2QGPLIsaRVa8uMhb54Z80ciSEQVwBMJL7q4zXQKmJZs7EfiTEP3PGu/ggW5Ehk/a/tRGYBuZyj8tDmN3mzsRfJDB4uF3Iil3G0Bgrkhxf1rbnMu3efLwkIRV/SyRpoFy0rI7IAktznyDko8i63eh4uXu9r51aiIvQ2pCxIW4DI/nnknr/7R+TcCjOZzSM3vMTDJdGOZ+pCRhKJMALjP49EzjOrBoLHd5d1tGQbfTmi4vomb+LduV+AgOn8fOv8w5LtZjaP0YDXolXuJhRSRvJmieTeR1BWkkmGnkW2liIyj4frewSEuDQgOJKn5Z7EHBIgEpfStcsRmctDspBLPUIRxa0FuScxhST34Vxa/MkI5+8vTsQEkCgEItFLPdEKeRJOYSSmkGTOP8YRkvjH8/2V4QDRhrPeq1OIUcUk5pB8OP+YjMeJT+fvVwckNyDQTojLPvMM7X5TGYkpJO/PI/l85HxrZTygySAgNpywiaaESVVdZtyLrzHk0e/c5/dbW+8/X8SJmMKB4hDwIXYc71WE8R5ZMIPE53M2hgWCpgu+C3BYjIfLNUSOm7DlvLM8dq5KV6JEIgEYBKKj1f7kxYmY5YGzqoxdR+LhtSUDA1+CJ2/5AkuP5rIZmiYqq+bhchVwHGLXGYFowEdIE64kGx1PKFJslKRrII4jJztY4s+S/OCCFmIeh8vFoiUAjH1n9LajhFaK6XwGotM40y99jFx0HLMAjtyAtnQ/5kVUxjE53qwin2HHe1figkAk/f17H7e2IjDWjURWbB7gU9HSGyFk73f3IFcS/XjvXqjfn86u90P3Pn3844+tiJQcGmlhI1kMh5Qws/9rFBxocO+PbCGN7nxrS/4/uVaJIzdATotZ4Xy3WXUgKhH8W3rSEDFtJIvicKFpGeRCurZ+X8BIbQaQJHWRqKGYSptdgAYayKA+xu5v2RirA30wQ/xhwERBZV5K5CI0JgbCdO0781ylpoCQfDREMoVybpyBvygM7EGwgfgvL182V50oIBE+zUAyAaNtNxdHMeKBuximuxbfhDZRE61gjN+biwQGvUsCUPOABoMNpL9GBoLVRmtfha4ZJN9by0M6FML+PlejIsQlyJlE5iL5bBWSnGuIx00MY+mhENYJLaFn4qH5zsQaJMADj6mhwawnDwfepoIM2LgbttRKpFNDGcHe73CaoyY62oER5jvYzJJIcgOelnisWQ+jVR/NPAjCPG+yVMPJuQbSbh4mvj4hmbHyXQF/dLPCNaR3F0QCOALE6DTm/rrbh6R2CHkTJt6fw+RCSMCbUtJWEYG5IjyQmn6JSffT7LbjWpBJbjCkpO05jEBYdar75ahY7gqS2/s0s99ZwJlAYxlS5Cj6WPLQIXtUjmI7EQT/rMbz4XuTTAYUQY+sQ0guf3C5LSrmk3izFhNn+jNGgCbMBJ3RxY33UCVDaxium1a+HxckKM+6nz5uRfS8SuR9w4BJLudCLYUenVeG5jeI0tVxpgZql/1xyVIEsPb+p48oF60G80HBBO2XAhSDYYElJxsjGSZOhMrrHJuaV7EZ6o5Oa0O7J9FcBU7Sy81k693UXwyGfABPgE33cDJMtBvKfxk4JBXLIWJyiB3aLPksjtGE7o1VuhcIUBSLjjGrTb4jZGRZ4EjLV9l1GKldLnXjguzbYibzXNLc12T/6eSvAriNfumLhDFWsZMv9f3RuLSLWGdudEQJCiS7/VAp37Hu64bWWe1OsxxCJ1ViOxhNiUqI4Mlu/1652bHgVL8rqGK702lO1flKDGKjjTbaaKONNtpoo4022mijjTbaaKMvQv8PnyrKhAl1aJQAAAAASUVORK5CYII=\"></p>', 1, NULL, NULL, '2023-01-15 11:29:58', '2023-01-15 11:29:58', NULL);

-- --------------------------------------------------------

--
-- Table structure for table `meeting_users`
--

CREATE TABLE `meeting_users` (
  `id` int(11) NOT NULL,
  `meetingId` int(11) NOT NULL,
  `userId` int(11) NOT NULL,
  `createdBy` int(11) DEFAULT NULL,
  `updatedBy` int(11) DEFAULT NULL,
  `deletedBy` int(11) DEFAULT NULL,
  `createdAt` datetime NOT NULL,
  `updatedAt` datetime NOT NULL,
  `deletedAt` datetime DEFAULT NULL
) ENGINE=InnoDB DEFAULT CHARSET=utf8mb4;

--
-- Dumping data for table `meeting_users`
--

INSERT INTO `meeting_users` (`id`, `meetingId`, `userId`, `createdBy`, `updatedBy`, `deletedBy`, `createdAt`, `updatedAt`, `deletedAt`) VALUES
(1, 1, 2, NULL, NULL, NULL, '2022-09-28 04:39:52', '2022-09-28 04:39:52', NULL),
(2, 1, 3, NULL, NULL, NULL, '2022-09-28 04:39:52', '2022-09-28 04:39:52', NULL),
(3, 1, 1, NULL, NULL, NULL, '2022-09-28 04:39:52', '2022-09-28 04:39:52', NULL),
(4, 2, 1, NULL, NULL, NULL, '2022-09-28 05:41:17', '2022-09-28 05:41:17', NULL),
(5, 2, 3, NULL, NULL, NULL, '2022-09-28 05:41:17', '2022-09-28 05:41:17', NULL),
(6, 2, 4, NULL, NULL, NULL, '2022-09-28 05:41:17', '2022-09-28 05:41:17', NULL),
(7, 3, 2, NULL, NULL, NULL, '2022-09-28 06:08:12', '2022-09-28 06:08:12', NULL),
(8, 3, 3, NULL, NULL, NULL, '2022-09-28 06:08:12', '2022-09-28 06:08:12', NULL),
(9, 3, 1, NULL, NULL, NULL, '2022-09-28 06:08:12', '2022-09-28 06:08:12', NULL),
(10, 4, 1, NULL, NULL, NULL, '2022-09-28 08:26:10', '2022-09-28 08:26:10', NULL),
(11, 4, 2, NULL, NULL, NULL, '2022-09-28 08:26:10', '2022-09-28 08:26:10', NULL),
(12, 5, 1, NULL, NULL, NULL, '2023-01-15 11:28:59', '2023-01-15 11:28:59', NULL),
(13, 5, 2, NULL, NULL, NULL, '2023-01-15 11:28:59', '2023-01-15 11:28:59', NULL),
(14, 5, 4, NULL, NULL, NULL, '2023-01-15 11:28:59', '2023-01-15 11:28:59', NULL),
(15, 5, 3, NULL, NULL, NULL, '2023-01-15 11:28:59', '2023-01-15 11:28:59', NULL),
(16, 5, 6, NULL, NULL, NULL, '2023-01-15 11:28:59', '2023-01-15 11:28:59', NULL),
(17, 6, 1, NULL, NULL, NULL, '2023-01-15 11:29:58', '2023-01-15 11:29:58', NULL),
(18, 6, 2, NULL, NULL, NULL, '2023-01-15 11:29:58', '2023-01-15 11:29:58', NULL),
(19, 6, 3, NULL, NULL, NULL, '2023-01-15 11:29:58', '2023-01-15 11:29:58', NULL),
(20, 6, 4, NULL, NULL, NULL, '2023-01-15 11:29:58', '2023-01-15 11:29:58', NULL);

-- --------------------------------------------------------

--
-- Table structure for table `projects`
--

CREATE TABLE `projects` (
  `id` int(11) NOT NULL,
  `name` varchar(255) NOT NULL,
  `slug` text NOT NULL,
  `image` varchar(255) DEFAULT NULL,
  `createdBy` int(11) DEFAULT NULL,
  `updatedBy` int(11) DEFAULT NULL,
  `deletedBy` int(11) DEFAULT NULL,
  `status` tinyint(1) NOT NULL,
  `createdAt` datetime NOT NULL,
  `updatedAt` datetime NOT NULL,
  `deletedAt` datetime DEFAULT NULL
) ENGINE=InnoDB DEFAULT CHARSET=utf8mb4;

--
-- Dumping data for table `projects`
--

INSERT INTO `projects` (`id`, `name`, `slug`, `image`, `createdBy`, `updatedBy`, `deletedBy`, `status`, `createdAt`, `updatedAt`, `deletedAt`) VALUES
(1, 'Education', 'education-1663245680540', 'nejc-soklic-wo42rmamef8-unsplash-1663245680539.jpg', NULL, NULL, NULL, 0, '2022-09-15 12:41:20', '2022-09-15 12:41:20', NULL),
(2, 'Bp Landing Page', 'bp-landing-page-1663735274608', 'university-dashboard-1663735274606.png', NULL, NULL, NULL, 0, '2022-09-21 04:41:14', '2022-09-21 04:41:14', NULL),
(3, 'Data Analysics', 'data-analysics-1663833599612', 'may-gauthier-0j9l9xrymso-unsplash-1663833599611.jpg', NULL, NULL, NULL, 0, '2022-09-22 07:59:59', '2022-09-22 07:59:59', NULL);

-- --------------------------------------------------------

--
-- Table structure for table `projectstatuses`
--

CREATE TABLE `projectstatuses` (
  `id` int(11) NOT NULL,
  `name` varchar(255) NOT NULL,
  `projectId` int(11) NOT NULL,
  `createdBy` int(11) DEFAULT NULL,
  `updatedBy` int(11) DEFAULT NULL,
  `deletedBy` int(11) DEFAULT NULL,
  `status` tinyint(1) NOT NULL,
  `createdAt` datetime NOT NULL,
  `updatedAt` datetime NOT NULL,
  `deletedAt` datetime DEFAULT NULL
) ENGINE=InnoDB DEFAULT CHARSET=utf8mb4;

--
-- Dumping data for table `projectstatuses`
--

INSERT INTO `projectstatuses` (`id`, `name`, `projectId`, `createdBy`, `updatedBy`, `deletedBy`, `status`, `createdAt`, `updatedAt`, `deletedAt`) VALUES
(1, 'start', 1, NULL, NULL, NULL, 0, '2022-09-15 12:41:20', '2022-09-15 12:41:20', NULL),
(2, 'Progress', 1, NULL, NULL, NULL, 0, '2022-09-15 12:41:20', '2022-09-15 12:41:20', NULL),
(3, ' End', 1, NULL, NULL, NULL, 0, '2022-09-15 12:41:20', '2022-09-15 12:41:20', NULL),
(4, 'start', 2, NULL, NULL, NULL, 0, '2022-09-21 04:41:14', '2022-09-21 04:41:14', NULL),
(5, 'Progress', 2, NULL, NULL, NULL, 0, '2022-09-21 04:41:14', '2022-09-21 04:41:14', NULL),
(6, ' End', 2, NULL, NULL, NULL, 0, '2022-09-21 04:41:14', '2022-09-21 04:41:14', NULL),
(7, 'start', 3, NULL, NULL, NULL, 0, '2022-09-22 07:59:59', '2022-09-22 07:59:59', NULL),
(8, 'End', 3, NULL, NULL, NULL, 0, '2022-09-22 07:59:59', '2022-09-22 07:59:59', NULL);

-- --------------------------------------------------------

--
-- Table structure for table `project_users`
--

CREATE TABLE `project_users` (
  `id` int(11) NOT NULL,
  `projectId` int(11) NOT NULL,
  `userId` int(11) NOT NULL,
  `createdBy` int(11) DEFAULT NULL,
  `updatedBy` int(11) DEFAULT NULL,
  `deletedBy` int(11) DEFAULT NULL,
  `createdAt` datetime NOT NULL,
  `updatedAt` datetime NOT NULL,
  `deletedAt` datetime DEFAULT NULL
) ENGINE=InnoDB DEFAULT CHARSET=utf8mb4;

--
-- Dumping data for table `project_users`
--

INSERT INTO `project_users` (`id`, `projectId`, `userId`, `createdBy`, `updatedBy`, `deletedBy`, `createdAt`, `updatedAt`, `deletedAt`) VALUES
(1, 1, 2, 1, NULL, NULL, '2022-09-15 12:41:20', '2022-09-15 12:41:20', NULL),
(2, 1, 3, 1, NULL, NULL, '2022-09-15 12:41:20', '2022-09-15 12:41:20', NULL),
(3, 2, 3, 1, NULL, NULL, '2022-09-21 04:41:14', '2022-09-21 04:41:14', NULL),
(4, 3, 2, 1, NULL, NULL, '2022-09-22 07:59:59', '2022-09-22 07:59:59', NULL);

-- --------------------------------------------------------

--
-- Table structure for table `settings`
--

CREATE TABLE `settings` (
  `id` int(11) NOT NULL,
  `title` varchar(255) NOT NULL,
  `subTitle` varchar(255) NOT NULL,
  `desc` text NOT NULL,
  `image` varchar(255) NOT NULL,
  `email` varchar(255) NOT NULL,
  `phone` varchar(255) NOT NULL,
  `fb` varchar(255) DEFAULT NULL,
  `insta` varchar(255) DEFAULT NULL,
  `github` varchar(255) DEFAULT NULL,
  `linkedin` varchar(255) DEFAULT NULL,
  `createdBy` int(11) DEFAULT NULL,
  `updatedBy` int(11) DEFAULT NULL,
  `deletedBy` int(11) DEFAULT NULL,
  `status` tinyint(1) NOT NULL,
  `createdAt` datetime NOT NULL,
  `updatedAt` datetime NOT NULL,
  `deletedAt` datetime DEFAULT NULL
) ENGINE=InnoDB DEFAULT CHARSET=utf8mb4;

-- --------------------------------------------------------

--
-- Table structure for table `taskimages`
--

CREATE TABLE `taskimages` (
  `id` int(11) NOT NULL,
  `taskId` int(11) NOT NULL,
  `image` text NOT NULL,
  `createdBy` int(11) DEFAULT NULL,
  `updatedBy` int(11) DEFAULT NULL,
  `deletedBy` int(11) DEFAULT NULL,
  `createdAt` datetime NOT NULL,
  `updatedAt` datetime NOT NULL,
  `deletedAt` datetime DEFAULT NULL
) ENGINE=InnoDB DEFAULT CHARSET=utf8mb4;

--
-- Dumping data for table `taskimages`
--

INSERT INTO `taskimages` (`id`, `taskId`, `image`, `createdBy`, `updatedBy`, `deletedBy`, `createdAt`, `updatedAt`, `deletedAt`) VALUES
(1, 1, 'nasa-1lfi7wkgwz4-unsplash-1663245796172.jpg', 1, NULL, NULL, '2022-09-15 12:43:16', '2022-09-15 12:43:16', NULL),
(5, 1, 'kimberly-farmer-luaakcuanvi-unsplash-1663500128576.jpg', 1, NULL, NULL, '2022-09-18 11:22:08', '2022-09-18 11:22:08', NULL),
(8, 15, 'whatsapp-image-2022-09-20-at-1.03.51-pm-1663833683782.jpeg', 1, NULL, NULL, '2022-09-22 08:01:23', '2022-09-22 08:01:23', NULL),
(9, 15, 'world-population-report-1663833683782.jpg', 1, NULL, NULL, '2022-09-22 08:01:23', '2022-09-22 08:01:23', NULL),
(10, 2, 'alexander-hipp-ieebwgy_6la-unsplash-(1)-1663834159482.jpg', 1, NULL, NULL, '2022-09-22 08:09:19', '2022-09-22 08:09:19', NULL),
(11, 18, '_z7a0922-1672832652204.jpg', 1, NULL, NULL, '2023-01-04 11:44:12', '2023-01-04 11:44:12', NULL),
(12, 18, '_z7a0927-1672832652210.jpg', 1, NULL, NULL, '2023-01-04 11:44:12', '2023-01-04 11:44:12', NULL),
(16, 18, '_dsc7291-1672904391270.JPG', 1, NULL, NULL, '2023-01-05 07:39:51', '2023-01-05 07:39:51', NULL),
(18, 18, '_dsc3970-1672904498993.JPG', 1, NULL, NULL, '2023-01-05 07:41:38', '2023-01-05 07:41:38', NULL),
(20, 18, '_z7a0636-1672904737479.jpg', 1, NULL, NULL, '2023-01-05 07:45:37', '2023-01-05 07:45:37', NULL);

-- --------------------------------------------------------

--
-- Table structure for table `tasks`
--

CREATE TABLE `tasks` (
  `id` int(11) NOT NULL,
  `name` varchar(255) NOT NULL,
  `slug` text NOT NULL,
  `desc` longtext DEFAULT NULL,
  `projectId` int(11) NOT NULL,
  `statusId` int(11) NOT NULL,
  `priority` enum('first','second','thired','four') DEFAULT 'thired',
  `start_time` datetime DEFAULT NULL,
  `end_time` datetime DEFAULT NULL,
  `createdBy` int(11) DEFAULT NULL,
  `updatedBy` int(11) DEFAULT NULL,
  `deletedBy` int(11) DEFAULT NULL,
  `status` tinyint(1) NOT NULL,
  `createdAt` datetime NOT NULL,
  `updatedAt` datetime NOT NULL,
  `deletedAt` datetime DEFAULT NULL,
  `taskUserId` int(11) DEFAULT NULL
) ENGINE=InnoDB DEFAULT CHARSET=utf8mb4;

--
-- Dumping data for table `tasks`
--

INSERT INTO `tasks` (`id`, `name`, `slug`, `desc`, `projectId`, `statusId`, `priority`, `start_time`, `end_time`, `createdBy`, `updatedBy`, `deletedBy`, `status`, `createdAt`, `updatedAt`, `deletedAt`, `taskUserId`) VALUES
(1, 'Education', 'education-1663754815398', '<p>EEE CKT By Sadman Fuad Vai</p>', 1, 3, 'first', '2022-10-05 18:00:00', NULL, 1, 2, NULL, 0, '2022-09-15 12:43:16', '2022-09-22 04:10:30', '2023-01-04 07:49:10', NULL),
(2, 'Design Bp landing Page', 'design-bp-landing-page-1672815562256', '<p>Design Bp landing</p>', 2, 5, 'second', '2022-09-22 05:41:22', NULL, 1, 1, NULL, 0, '2022-09-21 04:43:02', '2023-01-05 11:34:40', NULL, NULL),
(3, 'Education', 'education-1663754758650', 'Economics ', 1, 3, 'second', '2022-09-22 11:25:56', NULL, 1, 2, NULL, 0, '2022-09-21 05:26:43', '2022-09-22 07:56:34', '2023-01-04 08:11:30', NULL),
(4, 'Digital Investigation', 'digital-investigation-1663757782674', 'Digital Investigation', 2, 4, 'second', '2022-09-23 11:55:39', NULL, 1, 1, NULL, 0, '2022-09-21 10:56:22', '2023-01-04 07:26:45', NULL, NULL),
(5, 'Education Last Work', 'education-last-work-1663757879959', 'Education Last Work', 1, 1, 'first', '2022-09-23 10:57:24', NULL, 1, 2, NULL, 0, '2022-09-21 10:57:59', '2022-09-22 04:06:00', NULL, NULL),
(6, 'Done Hurray', 'done-hurray-1673781759953', '<p>Done Hurray <img src=\"data:image/png;base64,iVBORw0KGgoAAAANSUhEUgAAAHMAAACCCAMAAABCUwdoAAAAYFBMVEX///9TnkNZoUlImjalyJ5Mmzs9lSfb6dmRvYpRnUBKmjhGmTNBlyzz+PJEmDDl7+OHuH75+/jG3MLr8+pipVR/tHV2r2tmp1mz0a6dxJarzKXT5NBtq2G71bc5lCGOvIWreht5AAAHbUlEQVRogdVb6dKrKhCMIiqL4L5ETd7/LS/mc2FQEyPmVN3+cepUvmjHGZhpoL3dziBJvbiIvTQ5dfUZRA1lFBOs/m2if8KY1C5yJiC3/gfP2naCOAuI6NofM2axrzO+WP04+yWlJ7CzBhbezxhrhjYYBzDU/4SxzZkeVor0RyYsDy5nzJ6AEePmXnIwmNjz2rQmdweB+xdSfdq7TA8wcu4Xzps01+cHQfk4PZIGGwFOL2KUxUMPIkL18resAHOH+KW8gDEKASN+NDCAbc71AJPH07oc1ojC51gPlB6DtFJ2t2KE84OIajNfUQPmjSrC59MqC1BakbNbz41vElGcS6vqWPqvx+jt/EtzEGCMznS5HoMZKbpPdebO9Mw7CNcfLjBhjEbhHMiQMcIdnn/T5SScdVQcHImyNGbr4bRGsLpgER9PTQrLoSrLh66FlxFRftUwkjsBDY8dmDcB7BbM/boxyifscvzDj46eHISVN2c6RVCB2Yr5u3LocVjoirMdsUewHPI98ZKCukl4ZSPo7lA5IbyV1qAEQgB9n0iILDZkxCqtUQgLHQ3tW76hhNU99bQmNTGkxzWCSlf8Q+zIUg5lBwrdkSl1EFED08q7sTAFDIT1YddyDRjlELNXBDOsfYj9CxIJ0eZCzxsZklosc5LwixIJAUYLLdTDL5NSXCYVDUShlj4mb/fpN1Di/W4pKbt59qP7rRj/j+MrlOk+UncmurljKsufMipkIyepJk70uyXkBG/Movv/40xkWzdxV71QPps+yPbH4TecSfQH8/MojSvMBcJkBEZCuN0z3enQX3BGlfsH2E5l4/rY3M8Y6gzmTrjZ67/gDB7O6ynQU3/20KdrwomX+o0lpz/Oq3D5rAUiZgPMXc92O87ef884PCtaKRsrzlRs8xik5pPacEoCMqlGzR/gxw52L+QstRZPGXHzsojjuCg7V7VkjZcZt7TgbJfmh0SYSq0IREHdaWKEwYlqwRlPNyX+loqR5SyujI0FC855ANGd5ldPpKQDhfA8ZzCFlu2uo735K6AenedMxxsSd38xM7VnDrTOec56vJJU+x2kZls3/S1n8hgvia/h7Gfd+GahmP8FFwoe+3w6KNy7QgXjwV/QW5EFp1zmyptdkWSjzVvMz6WLYdzV8vieigVnqLVOIlheqPoXHVHjFpwBbNeEUO6TLvbS4MMj2/SVcKN9EkyF/+DV857uDmernt3tHbP8UfOy3lzdWXFGJd+mHIEZdb2r9VDioa0zLP2BGVmtuSx1300WhO1qzT9QZDQeW07FWleU7WvcAT68wp5TIUubTg1WRE35NYEDaX0J5x+xWiU9y9x/+Ayv1hKggV7HqXPHuc9BuEn+U84XkiwNO6EVKqap+R9xvniDcNlbR1pGz3PuLEYBZD7rUS24pznHbuy/3/JIJhXm4As4y/Fmj/db2PWsJpYud5qzGKPG32+ZtVPvQUsWTnM+R066tZLe4KQXPKc3TgRjXWCiHzmJs3x2mnNe774P7pQCXFzAGY1y+a2mvsmpLAitt5yfn9W8P7k/XZapQrQmaqHj5yUvdncOYNq5zeihtal9S98iqOulEeFE9iWav4F0YWTB2WunTUTgqmzqPm3boE3TuikqRztUYZf1zxjIPqVvmVDF0OdcDHt/2p/wVetshe7DJthEaayKrTiT7simFMuNVFv2z+bxQfQ5eL3NaNuz246/YVVLmI0TBWudkKQlZVtyjxAk3HBr8XCFNpH3ymVK4o7reIwpYgy7VdNuq4iL9JASe2GnFDtCrCqK0OvfLQhXnHRXYR3QYJGUwedV78I5bXG4e6dz3+q+PUwHSUqWTVuGhO4cl13DGcwHzaru13Ml27EaXcGZaT4JdL9lS/UkfGv3xZ4zqXWnHlMcsVY9MVt7UiY18kF17SOt9FI5nLneIgf4ElZWoynh9NyJWmb4e/Cr8Etg3XEEHMFy1iJnTBKmjwlPXTyDXgEidENtN/0gceKou8aw7fFuuTP0RDjUacbBJGdKh3/NmFZwzwERYJwzvB8EodLr+7pYwg73Yg9AQsOJ6f0YYHhcFK0QulmCfeeyMbdzNjwur1BADyQEWKV/Ru/Ae217eQZ4+8d9X42gwIVh3fcs3Ya0bpq01QD6wiCYmYl86826rTxoY2D5cd9L5BEKrz1gnEs7ZuzQInK8HBi+zcPGoDZ20LTNQygi28fTWzCjdNRTOCBKQ9d/7VW44d4x/MZVIXxJ4Avv5ITk05aMgbsx6r/ziJ5BCsvnCS/sJuR+pMwqds7zu75tsTsiMlitz3ubAZK0GKrFtunesNRZebgXxnvu43EorszqLXhJwN6r/of6oSWLQFN+VhhC4AJP/oCWwncp8FyWkobDRF7z7sHfrWFHZ6OJHHrL1dC51DhnmO7VVMiiAHpAL36XZIDhzmZuBYUAvvqdmQEJ9HsappNfvBs0QHarF72mp/7RO1ADjABPYf3hu1639eQYGH/8Tttt8LD863f3BvRLeSXIvaRjfUbUYIQJRgh9IT3sobRL3Kcnp8d/kNdqY/ugk3wAAAAASUVORK5CYII=\"></p>', 1, 3, 'second', '2022-09-23 08:05:27', '2023-01-17 06:00:00', 2, 1, NULL, 0, '2022-09-22 04:05:52', '2023-01-15 11:22:39', NULL, NULL),
(7, 'Drik News Paper Workflow', 'drik-news-paper-workflow-1663834095952', '<p>Change Drik Logo</p>', 1, 2, 'second', '2022-09-23 02:07:09', NULL, 2, 1, NULL, 0, '2022-09-22 04:07:43', '2023-01-04 07:54:44', NULL, NULL),
(8, 'Mufid', 'mufid-1663819688334', 'Mufid', 1, 3, 'second', '2022-09-28 04:07:46', NULL, 2, 1, NULL, 0, '2022-09-22 04:08:08', '2022-09-26 10:50:46', NULL, NULL),
(9, 'Nurul', 'nurul-1663819715928', 'Nurul', 1, 1, 'second', '2022-09-23 09:08:10', NULL, 2, NULL, NULL, 0, '2022-09-22 04:08:35', '2022-09-22 04:08:35', '2023-01-04 08:11:16', NULL),
(10, 'Ibhrahim Khalil', 'ibhrahim-khalil-1663819753998', 'Ibhrahim Khalil', 1, 1, 'second', '2022-09-28 21:08:39', NULL, 2, NULL, NULL, 0, '2022-09-22 04:09:14', '2022-09-22 04:09:14', NULL, NULL),
(11, 'Javascript', 'javascript-1663819783877', 'Javascript', 1, 1, 'second', '2022-09-27 20:09:17', NULL, 2, NULL, NULL, 0, '2022-09-22 04:09:43', '2022-09-22 04:09:43', NULL, NULL),
(12, 'Last One', 'last-one-1663819813647', 'Last One', 1, 1, 'second', '2022-09-30 04:09:46', NULL, 2, NULL, NULL, 0, '2022-09-22 04:10:13', '2022-09-22 04:10:13', '2023-01-04 09:06:26', NULL),
(13, 'In Progress New Task', 'in-progress-new-task-1663833429794', 'In Progress New Task', 1, 2, 'second', '2022-09-23 08:56:40', NULL, 2, 1, NULL, 0, '2022-09-22 07:57:09', '2023-01-04 07:54:37', NULL, NULL),
(14, 'Asif In Progress', 'asif-in-progress-1663833460865', 'Asif In Progress', 1, 3, 'second', '2022-09-30 07:57:15', NULL, 2, 1, NULL, 0, '2022-09-22 07:57:40', '2022-09-22 08:11:02', NULL, NULL),
(15, '1st Task', '1st-task-1672918997864', '<p>1st Task</p>', 3, 7, 'first', '2022-09-30 08:00:07', NULL, 1, 1, NULL, 0, '2022-09-22 08:00:59', '2023-01-05 11:43:17', NULL, NULL),
(16, 'Drik Photo Gallary', 'drik-photo-gallary-1663834310821', 'Drik Photo Gallary', 1, 1, 'first', '2022-09-23 02:14:07', NULL, 1, 1, NULL, 0, '2022-09-22 08:11:50', '2023-01-04 07:54:36', NULL, NULL),
(17, 'Btcl Call', 'btcl-call-1672823333304', 'Btcl Call', 2, 4, 'second', '2023-01-04 09:10:12', NULL, 1, NULL, NULL, 0, '2023-01-04 09:08:53', '2023-01-04 09:08:53', '2023-01-05 11:43:01', NULL),
(18, 'Image Preview', 'image-preview-1672832652030', 'Image Preview', 2, 4, 'thired', '2023-01-05 09:41:58', NULL, 1, NULL, NULL, 0, '2023-01-04 11:44:12', '2023-01-04 11:44:12', NULL, NULL),
(19, 'Decode Image Upload', 'decode-image-upload-1673781273217', '<h2>Hello Decode lab</h2><p><img src=\"data:image/png;base64,iVBORw0KGgoAAAANSUhEUgAAAOEAAADhCAMAAAAJbSJIAAABv1BMVEX////6shf2kiDycCkAtdICqbT4oB4Ap8rsWi7tHzf29vruQTftRFaFhrr//fmvsNUACYc0N5TCw9/s7PX94bgGjaIwM5MAAIRgYaZ+f7NayOhbXaT/wRT95rbj4/H6sAj7yWP5w8DVHkPT0+fxjnH6vWeen8Wys9D1/P7sVSY/QZebncr5uMD717j8z5UWG4qS2e8MEoh60uwiJo72nG30giBWWKP5xMnyahr3myONjr0TGIkeIo15e7bOz+Xm5vE7xOvm9vz1jlnzeC32jAD/4pz0gB5KTJxpa63D7Pis4vX84d/wW1L60c/2n5v98fDvRzz3rKjtNSntJxeA1eW24+7V8vctv9gdnK8AfpWy2eBUy+4+na6ApcTlv8durc+ZlbH0OEnzj5hjrLrL3uq9eJDjSl3yeITtPlGGvchpx93M0tffDzpmkJ9bw8vfOVW/HkcAnsXnWDyuS2SlVW2Ej6AAutXxi25OwMfvP0HxbWjyZ3bUWEvZVDqIaW72kzf3uqjlRh6Lk3zMfERLpKL3n0xsmoyvhmH5uXn0hkf6y7j1lknxWwDZeUD3rYeU2t/959H/yEP81aP5r0H5vI8FbbYxAAAM60lEQVR4nO2a+VvbRhqAHWycRMTIsohsYuKWdWO5clojhFUfso1xikRIAmm52uzRtLvZLG263exuN90LeqQlNJs6xx+8MzpHB0h2a5CfZ95fgLE0+l59M9+MZCIRDAaDwWAwGAwGg8FgMBgMBoPBYDAYDAaDwWAwGAwGg8FgMBgMBoPBYDAYDAYzFIordzqnHcNQ2ZpfXFw57SCGSHHuzuLi4vXTDmN4dFTBxbniaQcSkNXVgU4rdkZmHs7euBnswM7K9VHJmp3ZCUTx5q21o44rguIyMmmzMTvx3vqs+tvk7I331o80BElEclgEDDuyX4rV27dv31J/W7t94733A83K4sr84p3tjc2trVHL6uqt94NMSrgaLsYg27sbc5ujpXnTP4ed+TuGoMqX29vbWycQ2knRmYNrISIIObsT5klZ3FpZmQueg+segrGdDz4cYoQ/lxU45u4E3mQWNz0EL1789TBD/JmsqEn5zW+tBp+FfXPbIRi7CAhxEoHh7z66d/fux+pK2Ll+Z3He54zNsyo2wYufhHcm/v6jP9y7e+HChft/BGW0CKfZvE+wxY2zJtoYDXcS37lw/4LK/X/dhBvqOV/DSDGGGmqCH/wptEl854LB/btXYUPRv7CuIElUU7izsxML7bpvGQLHj4/ZlqLsWobmb6Fd9VFDMBk/7QQZbStIsTEM54Ye6oAghvf+/KvPHjx69Lm/Y3HXqqaG4fYJBDsQ75h2Kl+Mj48HyOKmtVoYhn8ZfqyDcdWUU/nsQSDDDrLsG4abww92IK5+9XD9K8Txr4EMI7vWs4WRxI2hxzoYV89PnAPcuKcbfvEgkOFGzJXES0OPdTCuntcUz517eOM+VPxbIMMtt2FY1wtgaCgCyYfr97/4e6DdidswFtK34NDQUoS8Eei8bZfipTAboopvvjEZ5Lxdh2Hs0qWQFlPNEFEMaPgh2I3CSqorAsFLIf0mQze0FIMb6ltuIKkKht3QVOzLUNOMqYKXQvpdjWl4fr0vw84HluH49mgY6or9Gu7sjIfbcPa8QzGooZlASKgNJya+sil6Grq/h+nsWH6hN0Qc1z0NtzZ3t50vKaCh4acP0zAbWo4TbsOt+diXuxsbc9dt+05gaAlqSQy34cTEXT2LTsOt2NnrWz9t7IJlD30+6ozb2B4Bw4l1zXHiHzbDlVhsEz4qdSLFjdg28h3pI5fhfDhft1mGxlD9J2oIHuZ3t2Mbm1vQbWXDcujYDcdHwxA4gjz+C/34U7jtNL/JQIahY5TCJI6EIcyjzfDfD2Kxn7zOG0HD9fX1h2A5jHaXkFG6+uZ//vuJ53lOw/HwGkKxaLRS2dur1eJnzpx57XXEcP/r9fdveZ43OoZTccAZBIfhxBH/vLD2jWuYhtTw8hkHdsOJia9nPc9bffrtd44khnQ9PN7w8Otz0Wee5x1Wq9Fvvht9w9Xlvcpjzy+k9qvRaPTb7xHDL0P6jH+84eTjsbGxV16PU8+gYbX7A6I4koaRHjC8dmBkEcnmk6hK9YmVRs918/TxMZw8uHbwotLdPwRya/tLlmI1qlP9wZiNIX3n7WMYWXv842Fvofr0sLe/VD00P1p7GjUV/6ctHI/CWWh8DSOTC9Glw7XVhe6TZ8gg7Zk5hKgLx+cnHHlQfA3BwrDQffr00F5Rn9kMq1WwcIR0GgYxjEz2DvftgpNLUTvVb78P6TQMZOjmsBt1KnaHH+tgDGZoH6Sq4cLwYx2MgQx7T5yC0WrvBIIdiIEM3SmMPgn4z0YnzyCGay69yrVXJxHsQLgMxxZ8DZeQFHa7e3tgZ7cX2kHqNIxXqr6G+6Zgd7kC9QAHgb7sOBVUQ/MpfwwWRZ9gjZXiSWXM4sXJRDsIl1VBTbGmlf1jDdcWYAa7Nr2x+POTCncALqt+0DC+HPU1XNvvGjPPonZm5vLJBdw3l+M6NXPpPtrwcKm77NBTBZ+Hdxbq79qCGfaeVcbcxGdmQp1Cy3DMMPzR23Dt4No1tx9I4MzMu2FOodsw6ln4J9967OGnJjDcY9RjlC5f8Qi4d+ChNzYGEzgzE97FXsUy1Je5Mbfh5AtPv5omGOpJGEEM43uqYCXuNJyc8hyg2ggFk/B04g6O07DmNOwdxGu12lEJDHmVgTgMu3G74eSLl9oYdgrOjIqgw7Bbsxv2Xpof2xz1BIZ+DkIsw4o6C1HD3ttxFHOsGiP09ZBXUQ3LcExLoWX44mXcQQ0tMaMwQiE2Q5hCwxBUGA9q5gh9PnXKkQfFZlgzDddeLS/XvBTjmuDzUZiBGpZhraumEBpOvvXj8vJyxdMwHn/t+buXR2OAqqCGWtKugAFaWYaMefm9POiNRIExsQzj+qi88gr4VVQc47T28sqLtRHKnsbklJO3EKbeNpia6o2cGwaDwWAwGIyNnFggfqm+UiLb7ylE3qBN/1JhOMinE0EMiXzO/yAyXej38i2O0uCyzToZ4Br9E9AwxSn+95hM9m2YohhOhUkneUEOFEufBDVkMkMyzBiXz5WyVJnpe5z7cuqGWaTflCIxfXfhR6gMI3SzwaT67cOHcBlGiKZE9duHDyEzjOTkcgn9myDc4RHORlcDeqrD0PPQyNGGtuMNQ+8LevfrNIwUBLP2RHJsKZGoky3bFVtkHTamaKshAWBTtmvSqQJoLICjUEMadpgo5L0i8TLMab2YAWiGeRZGwAZb29yGLY4zOmTFchrAUyUr+LzCJdVGpmQ28LAhSSnInWhlGPUwQckhhqmsoB7K1d0Z8DCkE6J6PM8lUMOEDC+YlMSSs49ghpGMQKo/iVKZSbSISD5BlaeNiNiGkCHbwKska1dlKXAlcDfbpCg0zCJFMoJCEhEipQgUyxuGpMA0wSHtElXOuBTdhrRc5ppgZMDjm5ZhVlBYAtZ9xmjt17DZ0MZ6IZnVI25Rkr5MsgxF6ocRee18ydh1EgXKqMMpRjAOIzlK0A1ZxhgdeZF33X+3YU5O6AMxxUnamSRfnxaMJbtACQFWbw/DknbPc4I5WkHmREK7ZsPeJ801kFALvLbxosWGVfIKjG7Y5qwcpyjKeVmPHFozOyHV1Z9kWbb2JERdCFB+PQxJXh2T0+W62URkk2rGphuOcVHibZtJSkppPSjWICRESTOs80iHTYmM2Dl2tWAZrUdSEpAICCrA4n2kYZ7jkFrF8rBjuuy885z9EqymxjFo9SX1eVhmkBJKCtPOSI4zzHFamKStE3jTfBeNIw1ZJoO0tYQs/CTp6DDPiLaSTQsUOCAnZdHWVlI1zCfRdLcYxRGbj6H2IdnItNFzeP/nEQ9DbTSRjSadM2izFAfaFMcsjLCOTNBiElY5q/RC9NUC3LicRYpyxnaUId1iS3VF/5Dkm7ZNZtp/Ih5ZSwsSQ1kwggDaRNvoA5SkhO1vQkmC7BWQGWwZ1gW0Q0qSHQu2lyHRanIUAy7O6DXFsWsjklzbeY6/ISHCuUUkpOy0DfARQzkNBXvRJxQenFv3NExIoq2/uq8h0eLSjNhMlNhWi/M2TMsDGLYoEZ5VSDqLHSiVLkPJ5gJzmD/KsM4fv2l2G5IMVUrl9JUm6204yCgtaTuFQtK9JxIFR3EmHaOUFtMELHhehn6PBS7DvCyZN9Q05O1dJweoNC2qrA4fVlJcByu8o9KAimg7u80wsNJItla9lqbsRcIdidMQ7DzM3/OcZ6XxGxdqvw5DWmlo/bY42bXUsLyjxBOcfdymkvAAWpJti1ZDNaSTztriiMRhCOa01TdpVJqyrRPZOai8+rUbEk1e1P4mMu5XNrQgOCZis2FbIcWyekUZ3bCYexrOtY2xR+I2NMMHWyDdUBKQTlqC6P8EZTfMZRqicftLZXRx1TzqDdF+eo5HNzUsrxYpMJY4y7sg6PvSFI/uiFwj1mXYtIZgShBMQ6sTWpECPD9ZhgSdbzbKinVTxIb5B13QhmdbLJth0JqMkES207oukSmL5gNHOavnECTCXL0I0vWuxDUPWYnRG1JlhTJGqSgbndDTfCbiT4qSCyykMC02eBl9/56XGyKbo+l2nhXTTUJvk7Kwjc6T2vt1IiEw9VYbHNWqCw1jBOXkcgYelktNl5WU8XyYy0gymYcns0pDPjISCHyqoBVwbht0XGooLdlcLUitk1xK4UWvdwXuO1fmkyrppOh4553P8oKYUTIczxsPaiD2tCAroK2R1qYkQZZ5KqsoWSrNWRM3l00KoqKITDJB59PGJq6tpCV4ssw3mq4JZEUCYlGLQV7mKXj5dJNuU1p5gG/1CzzsJMsklUCvMXIlHTLvsUtPKfB1eAZ5iQEe25uwTSyZk5QoZWCLYn9Pw8JTZShC162p2mrK6ske64YZiRqN1ldJVDuG19Ba8nVwX3MJWW/GYDAYDAaDwWAwGAwGg8FgMBgMBoPBYDAYDAaDwWAwGMwI83+6b1Fd1JJP0QAAAABJRU5ErkJggg==\"></p><p><br></p><p><img src=\"data:image/webp;base64,UklGRiZYAABXRUJQVlA4TBlYAAAv58N8EPcDMZJtVdF9eu3hkH9KnoK7w+6TNBxJtq00777v/xP37H9hGWeEwzdwHMm2qlz57rYT2JEQsZOBu3OffFHaRpJjfPyK/VT00xxAoO3zB4IFBLPtkG2bVFg1jgC+/zTJaeL1X0siR+U/aTUptRh/q/hPWlu/chQ5G8/KKL38VuXFETuc3BZL480+uX7Tx3f5+8xfiUSyHhTIChZdYvU7+kvGLyrTfWF4qQyupfdNlMNN1X+1ucvhBrSB3hc9wcBiYHgFpjqsQAYoUIgQI2SEC4qCoCBcUpSEC4qScomRi4gwsgIEMbxWY3xvjO+NUbtGxuMUCJQhlUKd8BSxjAwDU13Ojv43rSmt2remtdIPfosVxhUDNPr62DuCJWhZMAQ9C4agZU6iYAl5B3qGjsnBES0D+UcmxYGBVt7T1XX4eQwful6towu61nXfuHUvqVva/GevXruYrcn7RToQ2kYSJKU8/FHfzP09g4iYgBnzj/Pf0xc5iDFSTftmt/tjDOHyzHZb9805R38cveo3WzWz6UQl7aU7Muu5+Mh9M1MItY+8H7APz9MVCZXy7W11zkn3H+Cc4QfWGGPMNvcZ48b88eif9r9xHEkKRjCTapHFYjlVqVZSG9n1XnsSJRqR4k83rqeve1yc2juNtrUTofW7//slvgBNscjU1O4ekEDBfRNARP9p0bYVto3u67yJVIlc7FcECCnh2v6RZNtuIknUvBVmWEH3kJm5k3P/QyZbsvQrWnaSoyopov+Q2DZyJNkAL+fevHuhBvfBL21/1EiygggTYfvs25/nXBSZwdkLZzrBLEMUN3BuHv2EXV3dfdKdZ5HETws/ISmi/7TYNrIkSY4Zz3Wha9Z5681HVFbvdeDmx9u2bVkjW9v2RTv29JdEf0mF3zDf398nkYVFv+THC1rpSic9xqhPsIDHARzMI6L/siDbbtvmPPOOwXrdoEbi2Qnwc7B4cnQM8S4WTw/PIN5uMF7zP+Z/ipI5126Irec/WHDp77evQutb90cLfrx4I7O+2voPF3z5WRdZt/QHDP7kcwLrUfznz8D3oXuSY4xIrPnPQX8pw3Mckoz8SWiL8vIch/xp08VNT3EoAGk7WfkMhwawqef4NFHyBwfMfwrpyBzxS5xyP0p3PHydkjyetc5/iuu1uAozpgfapp1zOt1pmHPOqy8/Og5CdGP6KV/3b0U1nO71VS72whgSNk4JQrle0Ie52fH8xUfqUtgqnH4KrsXLPeA5ipJAvFatAx+nBSmbl196JGe8/GowtYuvqYA76E/ixqQghoBN/jyQxDl+em+PeEwonyn6NUH11Ss7f9tNSYFC7fJsurFz98ZsGEz+NBCeXYxO/2QbSCeua6efO8qVd17hYkbPe504Z3rnvMYHMYrilaraRxnbSwjWiAS0hDo6F7umPzwJNA03c33fhenc8Rdq9qN9VHd5ed3cE0dSjb4LTUAPr9XJ89i3RMK7lGnHJNUB45QeQWrZlME44OGuCiFc9WHYKYSeidOTl08BHZ24FDCqm/8FkMbB+wkfQlPOtnPPG+XnYQf5ugLXqKCOVyhjOg5X5JN70yNwaxHCFrnBSpRUbGMaNprJpefhuv3RXUuCiRoKF/8LQK+FRa8eo61S708cnbuKS9cFNGNuT53h3Gi8WykgglRe1eX3gVIUVN6mBf2FNcNRihmliKfEjj4DNJmKmKWuwiCa4ZFsoJTSWskLwRmkes2dJHFBonRd08aTtfKe0gV98k5LEFE+FzSaVyqqa72VRNhMmdvCLECIC5neiYR709ZszV/7B+C3GbyOY7zM6NX5VrwGQiP66fAUkIoVSNg4713/vgHI0zRKpw/cXiqvpEx+dBqZJMcGjc6rBBNGbozSwZQRpw2T9gkocuqwlF8cnU+Wb4nG5KJT8pmgc/saaBPOxbUMwUTVIxXmNroYaqn7xkqvXVe+Flf5ALoLURm5lUGSprBVezrEnSiQxa2O6hkgZwLRnA9Aa1GP0YP5gFmvYjXteLT2NDQrOh/WqzD9lOl2nacd5baa7nRIQOG7WJkiK8fWGNTW92YdpG2uYiVowlzCltyA0ZKntY1i3Vefngka1xkNs89gQij6iWaszI5+VOg9Ho7qHGfs8QG0APkSqBI60/6qqCCytPv0BFBkblqdXHJirKtvBYuSDQDaYLrUWygsmAVOprAhBGv3zeeuqWyyUJFmw0l62Zx1V0rvq2Fywh5PrCUr1Ffug87sqamSYtZTzemZoLi/hrLne5qik6IkbDNr+e8ah75rGPwvQx3zm2y2qgwhvIgp//zTwAwgjkstclugUFYKKYSrnKEoEAXgk/c4bRhgWkh45qtSzRFCsUeGotz8DCSCSglXZ3O/ByqVUUjBxIM93VhLAsAzQWz2YDycWTL4raSqW9qScVHgiQ+iXz6swGGgIj+6dmNaTac+/9QXIVT98s5JRUG935rtdY7uCBBKtYGsb6fFznSY/dqeZG+q7WZtXb6SEncQAppNhRBUtJq1xHRDY15CKSaIEBDN7bNPj6OBCAvIp0aFl8JSeBRxn9FOAMBmheFmFUmPKxKp5vTpJyWKcOcqnjNg9Nc6XsFCgoFQxKlnC4vbUYOntGBLlhv8pE/KMQvVhztU1c637GOw04bFReikRQhhHSHQ9M75/Kmg7c6DXu5LD469KUJV975TDwJsudslZ9y9pGJzvKVSrApS5vNPZ4ZtCRjLQFsvM6l6sEAAtI3HzBmkwpy4bwQakJQ6KD1FpmjNl4Gry20UFKjHsSQyrXROYAhbBABXBO3BPhM0Xl8D3c7W5r1hw4JbuaccvfR1VZQ7896DOGhDge3ckdaiF2UgNCfrolM5nw68PQu09ED1IRQrGBJATzPMKHA9ZlZ3DJq/bg97J+k7cVu3B6Baa62rGXREIvW+ruuGbMrCULzucP/9M0BrdCyOrgkhbP3k2dewybMAw4L38na1YoZwJ9+Vj8Ha3lCgqpFMJcwSYXZTYnCTl8SWD3369JPsiS33l+YVGEJhHFM0VoEuPYB5FLrfAhVgvXgf3QzfMHhbggQijA0CBRhYngBi6ZmKsTyCRLASq0GQ/0lRMR3bboLBeu4/VIOrCg8C3hMXQC4YCGjTwd5eEc2+GwyBdvcknFY0Sj4AG++ivw/sLsCfCn8BBGVgNO6JgATgXpQiZr4uiQJiCIS7k/z+TAzFpbd7EYJSGOhR4Ci4QYTfe2+tAM0AUrf56+ef4gWODfwWOfbgGrmeh/b4I5B6JSqFd+NN0UM4+IZ/MDdsgqHTU0HiNRUwQgS3Ub0wDWRuY8pscsHAm6pqd+6YhG+vZg9pi7nfU7r3+hZKiq2ELaiuPcjrysYUUPc66KdhH155jepgj65rxxgCXURiswBw2kPgLt7k7h32NF4o+hFK4Ck2h/0X2mcCx6GlADkwH/k+1OtqAugfgA5iOroxZX6gdTWij8Ggy5U1Rrg7cwM8e0FAdcf/Wg7KJpTqKdhXf/RssVdeO+/RKOXZNwrv/ShbE0IQ+gGk1YZy76I8SQZ0rt/LHyFMfisJ98FNbhw696mniRxsqckrtIfF7XdecTNMoMhiQuD7hEuq76i8L0QnaZ+H++Re4ZquILoMWiiioN43RRS2mN1/ipRNCOFF4T751RJe6vXy8FM4aFREpVmbelcvnX5uYGUu5T0dKDkFUv5QR/GgNimZbPk03PeObq341w7ELVr3jiEEcJztltd0j2TWbwHsx/JJqBC4+6F/5HDKvSh5fbiEL7i/1+3o+2sFX6RkjWeQ9yEWTAVaHZZQWHOSme+ALqGlbw1RQaYxAP2M9xkrFpBuxcuMLHcCKC2o3OP8QFQFrqcvub/X7ezi0Anso1Mg7zOrQKbiCNI4vvcuZ90QJ0BOse/QjnmGUEH0cfDywPQMo8qU9LMUIJl/ZSs/S+kEAlk2Zy2R6QuOrLUHieqsFm+WS1rhY/os95oXSiW7qEBK+Zg+a+ViS7S+06d8ddGv8V/B/z7/76j4f//J/Mf85//77/7ndyeUym2LWLswYKOw0+3tv7l23f5BvHnL4hnsyD1SqsR48/KWfbeu30v35H39AMcoOr3Totbw7nv37j/wXmspU6oLuyB2otXZ2d17cz3efFcySpWU6vrW5eVljKeIJ+oYv6i81QnX4rvyPjEpQbESIylS5hh8abb30YKWv0wkPTwhdryAXfi61j7Y/70atAvmpXeh7NpvbhZrQPVBsO3i2f3OFl+x/+7C2u3f1zepry62ndi//+C9m3h8Ie5A//65X539U7myatM7cVWWKnup1sfd04zvhSfnFVd/9aMflyj79T9sfPf3vylTQfajf7+yPu79qtJaP/Aa/FVEBGfuzxt+/b9/VJ5M/mYN0Dw9P/5RmYqydYEo8MGdWr9f3btPmaSSO6Hs3OAnPwul/nQtkAnIT0tTlIW1gSkWCtT1bafJpvK+B3+lJbhu5pa9SQ3bOQf46UehVL4lXHmKsp+sm6vpFWRTkhxsQGiYXIJXykkyWVBZL0eDndz7MDkJShrttfdeI5iFjVWvAEUNhlliBSMl5xDMqgy/rA52N+UNL/QUEtGTSi/0iAgiInpMItGPoawUftLpjh9o0Tzh55gHf7iJ9JxRiXhHBbNQQKUU3vURFYRMjaUfaML11uz4OacS8a6IF2ie8IB5AjDPD3iH1MetvtCPjEUKtuYJo7er2Epu4MHtQ1woqE00NxJG3YEy20q12BQ+bj4cjuce6RNOVL7PflnoIPZVKEI1u+RW75c7LkFldmaei8KHUZjxONHjQLOvt1DvCn+nkSW1xV1/1n9SBfTWHrUmq7rvJxbuVi5/tk4zNX7Y8eUH8QknqsbTuec7iPq7mt7tW+/VHFpe73QPFprHddvDPQQZl/8IxABk67j9PiO7FJdNwXZbFpnmegz6ULmuq3ZC/o3YLnUd28DVDiU/xa14Nqio4jEbeZN0OX5/23rufTKntlryxTVydZ5C7RU9Sj8GERP3fozrkn6XYfmX36PY1q52VrUVA6nO5nG/OsSxa1GellCYXmVHP2Afp/x8ZSCyllsecirsIqiwlj7T1J7Bm59muERWY6+bzo6xE/33hAso3mPKkuvRjvrgDDCPvW8eHg84KwRQ0yc1COGdaqr70ogIqiBeK9EPaPvtovros6/xdVqNu00ZYMBCLoM9wpmBvcYsb1WNcqKSvf/am1oYgT7OMrnbBdXejnG3r0SojFEYKITAq1gABWWMUYE+0Ye/s06FuPHi/KF6VvSlUCjTr7iw4uvS4RRNVSphx5l4eyDXDwRUxqBxacaSlxY7A5TMokSm6XcM96QhKgVUqIVrPUzBPfm8NvztQn9oPtJfR3xnBe7uDcp4XZ0iC3lpj9zMwDbT4STKG6g+xb1J5DZg5mo+BQSKjfFx6zCsBlgFlWg6rPfIQW2ms63Z1Cf6tJjjd5CdL3uVOVN5e/KmuDvbZ93DOwVYzAAkZo+275orZx7z0VqxrhyVam86FOtiAtG47Nyrxf7GXJn5mG5S4rbutbWNIYLLT7W2RjFtzR1ta2eDod8wwKP+VbxMqrHkde+nh3uhF4LjN+rjTpuBwEri5OBh2WfH8a1ossOZ8K62SWYd56wSA6nanVRKSsUVQ6BLp5kKnywDmZtXaWY3zyo/zfvwWm/PH6BrH+dzK/TsPazfG0jAG1quF81zEbM9UlJ6AAqvXqmU9JRbgLdeM1VaCi4FANqUpFn63AdgNx13LHavJq9T8l4raWwgXF0utzvaNq+httX+lkEVpS8vl3XHO3mrMNu5ceewkfHA1h/ksIPyi4E3Qvtxkvn3biO7iOaYn1feZjR/TpglraVN41qSEkxBstICqJuWmfZasoTxp3kf3nW0qrsUVH74zNdYdMcsyaYqXhYxsMTggnmC6mZ7nLSyVvl3CptX1qbcSgtwGZTFySubxp13YDnkmYorbA2VW0xZmnwC9cPZY46wSFTealB+lk7b0WxDgvKV3IotJqit/s3Dgy/+8cFSq486effgUEp/487pPuchZX2Uk5nR+MzvWABLnGM7S1haU4ASBywmkqR0XXPrNRu0WBFDctkJfzpY3ZdMRvK0Cpesv3yaqeqzufMouD/VobjKzObT0JhQLK0pWGW3iuXE7zG2RvhkdQfLvBOFiImhwJvPdG8+Og8mmUtSZXK9uRAF0ESPtelnwaZ8j7m1rhNCjDaJaobM06AE0LbO2lIDOiTreyG2n4wf/ZLz787Is+q13nzs/u2PlkT7AKy+U1fHnofr2xa7z7ErAw7HfGTvW35nV31Q+6XtWGVnU1wC3U65DpUlNthMbyCzUJesElCAusQ6o29lozP38Wmm4naW6gPsrkk9WPqykokheF/cnHfYSqJfALDZtJbfwrs7ZlGBzMIeSMTEoCSmqOy3S5dnw77wsJ2OoAgOe0mFcfmpL4tvb0N27A3DJFgeoAf5ZNz1rB9oY/KHDHszA2rD8JPxC/mVPCNjNX2C99W//8ey8HfBbu50f4+HgBKwxLdgHChsQCDcelDIAt9WS6NUGrYiLHc3W7GcVI5sJqbGfAZ6NgE1Zlu1nW74WabiCqowFd7PME8L6jx0zC06w/3O45u8k71TUAa8GOh2xbku7D6fH1y89d1mzCZyu5QNJlVLzf6BJQv2k3XtxZitz/K4sQcgc1Q0oOA8lThlcdu09UAbuFLM0JtfxXX7y+qsTLC6RF/ob/71/oOlAbsCj1sNHm4/A0o35JrScPV7AinezueWiXmB6Gy+SCyL3F5mgOonNMaDfAK/P8dEUIc373VuvSg/zffJVZ2U8cr+VA9v3Lzhw5+lzeOVFjqUk1+gcvsOL/UTCm/dyssoNjcjvHtQ0Qjv9cG65XTdpY56/hj2clWcNGVx3GfA5b4VEg9tucUku/KqefkWRzFDUfEr2Z/TNGdiydL4WH9j0/79ZR0/JQtbBCFcJnvsWcGPYsWNSqWZs75ZiviydPhahDsVwSEeu7ea1AuPbcz4+ExTCB/qcG5Yhq3lJ8TlpY651YIWDqd44UB4nbEuATyPAVy3R6GzhRgX8cIGYMnqgYRmIQvHkQb6iC0x4i40+nqxtgUcKQPx236KD+7bV5epsb+sU+2dwnp3twhAoYHHq8vPHTRmCFSEXeaZrIg/jW2x5I17uYN6m3FbwmUer2LXgmi28GkmVp/KrKvP81q/WDBPufoc+4I/7SCn90AhQF/dgdjvwmd6aGGsC/khApKrm85TYIV+mnhp1wqC7+mm9obZsDFMC/Kr3wd483HN42vRMGJpZ7JWG113m+CFneWHowX1XwqIRBSK4FXmeKzTYbZLQUQ2qIvps+RNESisIzvs7ak3BVEV2WEVQcEkiSxZa8OnmYrLfNb3eECQvykRLRFIB2YL6M5ZEgaYp6zM5jItsAgWbzqT78bZSSARgcOvm2e/HjPPwsZpvjX0bfc53uz1xGYYvL8g+J4OXTykWwnTFAvafh/wov46XgIay7tWkZAxx9sEgQ39h9zaXsHbKUHh5Uw85mNJS/vwzh3To7a629CyFHFAUEqcDXu2mgilMh6cNmRJ7hgooFLh80wE1uBoj+Ca1UUIVc4hpjx1xdK1/dw3TI96v7Um2iTf8BW3yE6bn5KiCWjECZzmWBIBegcX7HndQWtqnZ+ab5u2uuOlLYJYxf3yIygh0sVnque1/S7AffpVhKrHALeC3bbGJovXdqy1CpQxc/fneNvf2OGlm95Q6PygYyNEO6ppr/0Bo7lsnQcppduUpeG6tVMOrtsLIEOh+ehJfZ4pvLA5g8XpvQCFpT0PZn8zMWXTbWEa0KZD7gdz/eicGi+orfLCiF5lugX7dHW37b06gOv2A5BRVhv1V+R6sNvk7bptYczRrd8MuDpnWGfV76+LgEmFNGygVFBQ28a0/Q4AvxNVxr5ObusikLP2MF4ZRGRZese+KZsNLFyx1faQvPeaDRCs1kfJO6fROsH2WrI6ejrN7cN7gzKc82own+jXpSvYfhm2joPITpN3Psm8v9BS3jbBtLtGdOY9Ant4JeWwUfnh+Kr/AOxjlmsHzMPtzyF186A1OtkECsjis6SddF7rGhcPBwWqrAmruOegfK91U/720UyXgPEWd+EtwuISAxc5WLCnc/xY+CQ0t/F04Oo6ZV73XgNxKtZVoHIF90Mn505qBl4H7vZq9V2pdixnZ881zMt2Hpgk9/37orKdqz6y1NGU+BGBk3I9iDIEzm8n5xKbepQGqrLSG552rmpXyXWXwJSOiZuHC0YnDlR2epa7ga7m61fvQNVLUIa1Smi63eaOuSlGOC9kdztGFt2916vBj26IY4y4VoGCaX2M0SO40E9KMKm2qa03+EL41vooZfRdXa7vM1t1MfLbX9jvfByjF2bRPBRUYz2Qc0XQ3UARWwDmqX2MEU3j7RWk/7sYJZAe+LhyrWlMeAFWtFFKGW2jCiOi33nsfYxCEdAgDaT/jf5Qh4j1uceZOL9NEEKJuGhD9di9yRSUUUt2VXdubFcg17cgHpWBGku0C/C3/Z55HptuLJuHibgjFR8wz33VQOmCodAYpR5odEDEOy3VTG6b0p3sanW3BlDdDvffN758Qv4emPIXsQX+bCPhf5evG3+3MAaFGzD/OTD/Df3nrpv/mP8Yruj3L8bd7969f+/9Dy7CXfvNu/eLL6oP9AW3M6b9ppin8gOyovpA69sX184YsfMmEnUYtKY31bedu4B2xmR5u/uGmmK+1lpLkhzY9ILZGWNM1u7s7O5fQyALxX06OVLQUM0IdxHo3HnVotXp7u7tv7lugcwj9x8A0/oeLGlkhT3ce5IQWXtnF6q6Qus2UzQkQGGDRRxYeSA5aFCFIaLjDCxogIkLBzeF5da2EiK2O+DDh2cVdEwCD+8qSpQj5j8KwP8pA/Z7cvfLX21/i1sa7wKgb3nlkz/98+1vf/aLbYzX76/f4L9XmSX+5V9c2u3u7Z9vadwsb3Hf8hqz/D/81d9sdftb3OK4c5f3lg6neVn89f9Kj7a2pZT+eovj3qOHjLvf3HGZF8ZWt0dniPbu79bLe5nHjK83x9P8LOHRGaK5/96aWWBHV3jz4P56mSj5Gcr7a2XY5IM762Si5BcObDD+8Os/PcDs3+h3n7Dy14f0c8R/pD93n67A11/5B9BF33y+0jj3IK+fbvjbV8lDt/WQXX2dVoIbLC1g1emqUImDIz/jx6KSj7WU2xJtf90JDo+GPTfPxEPnFiCwMPpPnzxehzhylJ0Z5zVH+uGb7+07K8BJr7ND29GqcLrb6hIX2fdnFlQPnwyGQbu1hXMbBU2vxm3c5tOj0fnonohH/Sf+MYH2wUsGgQUxeDYOZw/pAzSvzyLUfHjq5Zrj1Yvqy5c/vJMti+Nep65bJm/X9QrRS46gPGZafzge6HRGZp7jqK+1pCsVGuSIkWWpaZNnAe29lpvE8e1tG5exfzSZhtPz8LA/euafEAJPx2LYdyk94nHxQIv5lOszPyp4EwUwE+ZUOLVcCbh9bvza4+cfVV+8fJ2yJRdOT5TaMZ1DpbBiT5uL8xpS4DUkwEipUkeKnjx+Oh75CP2QT2bj/lmti43nAzXy4Ngjg4/caeWHQTKqGVTmVP8soCaK6w2CdkUssx3q0S/OhYxPxZNns+nQpZRMjPYpwfi5HS0IF9U6IIhZHguzk8G8QA+rCTZr/frjQ0oBheZym5BipGe6p5xzWHYcHlecEEAUxle8Elgp7xWvK2E88rrmmwmj2fOIxGKcDKeN8ZMzwlNlVPBWDQg0t+gfakKDBp+AnEUcB8cMtVUVN9Gg0hvGDVOfEqeUTu8+qndctg4Kp+0fQStTu/ekAm89lNRBxieTWdOnlPrjhskH5ImfmOmAwLE7CgAHCs4lJi3HZDiHQprDhoFJ/vxZLKxwdLZgOM7JDszd3Py4EAXX87IH2a2Xg+IZfPndD2kZ3K7rusCNgoC7e9Lb6bRreVRxtZtkcrXix0nKVNdp/6AHKBXf5aC7T1CGE6Wms0ZUSo0HBfpU1CwYAIvHlx49n411nNkhgMLG2BEaDCib4UQ9U8r3GVlxT0Z2HFxaPtTS0LJCLbHZnVN8WRmv0FivzfGS1QnaaUmxxDTrPOYjtgB9XMYQkirg5JFDyAe3AIG18cByYyEfwxNBxcOzfkpPhTHZqF/U96ZmEmRKOnDOPQiZEHwgHCB8CFo+pGn54AmFoGGjn3MevGRxkI5moB0NNfCh8B7uIEMIXMxwFIKGuQ19mFntOd3hSDH3CtRCpadzKhnZXidHKWTw6Vff/3BtiYQogBa/zNtStszO8V3RMcbW9Ul1SMKsxiaicjUaWRWrN84m9NM5mhaBwPmTQFw/eLp576kOI+291ICD9MF7yEp7VseOBwekOLNqCeTPVOCBe6qRr733XJD484BF8HQOGblN0sNchqHxkkGD6qfU4PE5x647WRHP6GIjRxS6ny9UaY1w7Vo1IBGSS0UuZFlIDMBJGA98yKa3LDA9FbA8eSrT0DaMeRaKFp01QiYZhmMxEaNBX7oQo4kTMdAA3ogYpB/EiRKjIE30hEIkUeAHIwHY6CQ190KJyHWiGAz6NERwxPwo+uA0jyKKaT5T49iXgcqOdjxGkgthgkw6eKFU5DrEyHXqc0DDBJ00yDbJlZZngNc/vCps3nbfMSQs+dBXX/3r/RXgdnXYwv0TxduNvaoA9o58RVBzEdDkO4dCNuvjuxsKSUo5KAKhn+RDPzViOCL1O5lI2JgYYdSNPFcxet4Phmbl+QiwohoIDeFpuAURx55kMYUhaSToMPIm2hyFN5rKA9cycW+CARwSjHsSzHzkC+hgQNVTS+fNSBGqKsjz6s6z0iYmqQXm67rt0pwOQspqYRylDyiSTgKHqBjDcTjkCEUT1sV4OIoidPqo+Fw87D/LSU1v9LyRm+mgiAxEn+STSJrvtqCkncJM5RZ9n8AXBJHrIRJaU6PHuZ0VvoG+7waETLR2DIqpglDMJhwyILw1Da611ikIa73ui4gYrTE2IvcjkNuoghtGGy0x309eWRtjFIGjNRpkCWYv6QmV7SnXq8evv//iswVsjpB7Cn+zChT/lyd3K9wxu1hAI+koOLStI15XnUYSd2rfdocbCylBPEwFMtBhE8UTmfxwSig8F8ENMMJW/UQBVk9l8iMErEh/oSMkfGK4xeEAg8nM8hQEglDLYpz4MAZ5IF1RY0RLSFiuHVcgr74/RMu1NhayM94FGxGQGAd5fne7rIrniTOJkTBLWKHMpRxEcSHSshSNeBxEqi8xhAhxwLB6uFYMPmDwJSnxLLCadfn4kXzWQGHt8GGf1OeTjNjEOJpYOy0ibNYwOBkPiRtEbOCw72NjNipKeqNF3rDTOJll9qkbFAyGEXNULkysVV7gdFAwmAkvYkNxCUDIeW8CicTJkDRXhpE4T4LJTkdjm81835DMCkJ3AAmOlIfgxX/Kj7FgJ/UkI9m2TRLBZ+DwB5xrdo6wW1+uxp12MrXTc7stI0+Oazy8A+sW6dTVd1Njr6prkdoHGwyJCZNPJ88Njh6DprwQaGZDTaIuWmtMbnGCWRxLOSSsCMOhLqCyycAt6/IivpR6qv24kUU+nFkxJlmYiFF/hCQPETQ5ctPEydTk8Yke2mwSn00LXjkOtJpm+USoTE0HLiB4fGbGDuU5dZfzYEW+dt4hopvAIFQLkCpqh7VvAGLFfAisWUfvEyjCkdeoWFngAeBKeDIeDYrF/hNlFImMxwHNMy/DxNhh8E9FIycRluEohGK1nU2wUTzpMgiD3PvgpcjihFME/YB7HUa2aaSKjWeqH5TiKjbHwQfS8qdgIyJOB64/nuU4zXGow3hW5MZ70UDl/dDmk2CinRrQYWC0iY2x9yFIgmCsjdwHgw0VCswED4TpWeBKo5nNM5FeUfC++url62sPVoJW02C78KpXuPbRbQYcAa/rE9k+2JBuVnQQFIcH8VhHQyLNoxWBRN14MJzmjalXHs1E90FQ8ogzEZzm2Bj7pV0WbWEiOG5znKgMB15NSFyFQOVhFsc+5nY64sbmpLbazE0/DLgmIEezZyooYc1Ih2kWxYCLGMf6nLqznqy4nhqYL4hcLKpc8SMuFUMHAD5jMA8gkIesetCIJNYwuyHS9uv2TwYJl6ekTvfEmmdczcxIgiT66aEckvq6irApn8a2ARoG4KzAjLQRnRTNqZEUQacDVybaxlCPbMNr57Tuj6x5NjSm2H1MYTZVSgnuNFeNpgGtC0/Km8QnBv1wEIvduSIR53SRHCisJiOunSPgRZYH0pFuJ8XBSYnkwjNjzwbGmKYRjCXGbh/6Ymuy22rQznYOjoidVAQs54Aj2JTOUM+9evxEmecDHsA/dRh1XsQ40ikUrPqcMOSBdByGYtnGYUrLumZEi5awHGLDGBJRIeaKg9JJcR4iWuVjhiNNCCHXBSLvS+cIeBFWQTrJ0YgQrJkMnFTWCH1+dwPrO9bBl/WOAh79Dm4XmTB4PgZBiFUZRLUiH/icpESe14jTIekhGPkZmoek2T8GoYE2EhifUnIFDHlyU3pEjisoVOHM9KlMTs0KaDWeTBGNGfpRbgm/RMKlMUPEzDCghhx25stI6qIcnFQsIJU1OSJGA6G00woz78Ikmqg8dAORTYNLSYuGHRRQQZLizga3NruRVL/47odmw6wKO3kPoVSBdzcyJBPjJ0nCEkSZfGrtc5MjCYDhYyoyEnieB9ZEyGoaHJ/kijuAoU4pLbmQUpjYhpkGSWOIIA/RAEy5BgUWJwGfTcdcA6iJUTolF6YQsQ8fn3PpdgFopwEv69Y2cZXoTMEVIyNmL7l4HQiXfi1waUMnfe8FHQDQjPhsDJ/PJiRKHo8QAQEmZtYzAN0M9OP1hxO0jelQ0wAVjmkeESPB2CILOCU2GVIQHHT6pqQjNgxyycYUmAhDJjSpm6pcBAgLQLbna4mff1x9Dt5gMitDtZe3Dqu7vDpFvvHd2BcQBUBBD2wSFsGQwUoEGHAAyMBokU0CHGpJ6iMmsz5R8ENk5IHGkIA0GpWdGk1gJlYshnPsWjv6Ec9zxTBZqxwFwFoFRSzQREZ9iCrbEkcMPlbMHqBkEeKAWULr63fJ0uOoZrkZ90krYUYKFPpbwWKD7WaC6neR2qtJJIV/E3SxD7J8xL2ykRcBCVwE9Y1EahSmD0wnGo7K8LRhyALAkBrQBTk6NqTW3KPCAbWA3CWwsJ74+IuXr9/JzOpQ3z1pGyd7rtM6WAx88zoBnR1wYuHxgm7CKVZ90HqjB+kkUCWMfuHdUtLcZsbgUDOdoPIg2ZCaGxLXwbAdbgYn8rKNCyWpCbM5JIpDmcpGrtVHPaJ2WK0dabOL1MsFKRwq21YpqxTwuYQagmfyEeghMMYOJDgXa5Uk7e18KFkue24ENiZc+xCcHkzM1MdsJoIL44IvF2bGnR+R1cY2wPdTfGjh+C7t9bzz9qCtOSWbSD9C9M4FBXLrUl8nJmQIJB5n0YBNfAMUgWQTv4b44ZuX4Dq5VaK+e7STqVyZtt/MSAsArrZPnXNOazcP1GoVaFaTXAXYgGwoLp3kpF9vAYz6DlgQpKZpJ4FgymFT3zvnkpaJCem9k4NJhgBcNFBJB/uBN4BDvGzD3KfoM9KcDkISZ6ZhOhVd0VioOsmFSFQiF6H1I6HxkH0jM1GthFg/DnnWx18BHo5IW23o0qNneSMjB2nZJ933o6FAEgQsl005F6RA4WNhBtESZxvkdB0WlMimcRinqjF0HBsovJ+oAbcZxqEx0bMS8oUNAjxNNyPl1RCziSetDKtGxvhoNAumb8TImImFrq8wI2cEbT7zev2QXSVfrQonB8d3qavgD6WURlR1deRPQZGDRlS3ay6k4nVdCY+cKyPopNiN9KWTzly+iAOnY8acA1ajWSTL4N97FAOuRG5EWGgcHqgq+GG0YiTIAaLAbMRDmLDywIQ3JC6FnQYDdyPMSR+ySefezefdGJTZxVgXcx5eqKLezKF67aqoo3n+/7o4wTXEAtD5XAW7FAFay86YQ/o4jt/Z/42OZ4/BtGEmTwuQQTrP4GFB2Ya1xpIRESzXnHLQqBiaSSMnq0fgvL0xJkPfJ4d2W5gp4MeoSPk34X5EhtOgNWpAwRiRCTPxJFx0UDaONWk5CCSn70xENNEXUUahMeqPZxkhIwKPdqjDGJWylsSlYwGDO7/3sQGpcZBSXTvGy+BAp8Rg4+h8NKgeZM+nlpxrWQSk89cSVjgiR3iuUwE5xLxpYxQWBzLNRcPA8Tx+YnCgFWZ2QAZm5HHiR9MsxynmONRjwUB4RsioKAI8bz+xWcQIqqznHZuXgL9YGoKznTizyrX3KTj7m0l63njq/NaNC0n6buMhSe5CCPBRsFo+mhsrFt4Z38fmCRl71ycN9WdgqBPoxhGg+8fo5LilLqgZ4YRrbaz13FtEtL4vRR4pCsmFsUW0CnHgpI+AjvHJjyYImAWAaKn+Hm8RDtgroAHjkLiwILsDrawl4BaNVoC44BKwSJC6jSElLVAQjFD1XUm7X5UcTGbPHsPz9gQeQJNOn8KmQ+IUwXMAQaCHKiemBoaUN1SrE1Al5/51mgNyKiADPMcCZ2Oy16w50mFiTTbRpKOvsKi4hpdba5Mj9yOEZKSPyDX1MOA4yAIZhWfnEwDNNmAvLNqwZ2XPwq4bF8L7Fj5OhgsoTNw7Z4zH4JIYSMBrSXHxIUAW2gdIRgevIQ2t/VPAipy3H9AEpQ6Egg86Jakp3oABzQzwoUz74CErL6UOnHtN5TYABgFyJhwWIMPIqQ+eTqm03Zfu8VM4Ql1zBS9gUlymBEZgKMX70nPlZdJecZ9S4oCVh6yCHxcb6ET9CVwpRV3XFAhlJiHgQ1Aq6KSDUkHqoIziMnmuQB404aplkp7KrQIkYQY0lSdJPz4SPFzn/b50dwAfHB9OASr3ilebZ3pfOtbVpUwu6ZGkeSx2iJYyESMJPZZsNi45BjVWFha8X5Vj50pCUpLOrmOykVLOf0zmPSQupdKG5P7OUfFAxwUzAFyi4sglik5isHIODO2SrIACTOnMuAUizQEGdJg7+VgSElQemMED2Egtk2NmNNF5IvSpfysbBJ0ab/K7JwSitt03+Do7l/eZheNz3trvM1vU+WdjLUvBfWa/8BRPzSP40Nn8fdqffRuvnkuMirE0b++Q/eHoaUqbGH9/deX2TmN5+w76Cmf8tpj6xXIc62//6TzeN5405t7iIR9rvYnxI/7Z527V9k3WWHv7+qf0LbFvywUMUy8qfg6dfKzl72F/PsT3v125vWquP7p///+bYrhVEDCJL35yLn8OzMO03XBvrUwUPwcmW7UtfSq/v07RR+/59Mjit33YS2X0JmL/ffsKS+jPe1ozk+vPe+rVTsqI6b53yjU+/CM9wqeQ93vYN/GdEvpz3fZurpnJNby8beN811t7Hcb46GSRXAEhX3zmX6Vmo3yimbXXzEQbcdPzcQwXdOZj2j1HzwGcNA2PxgKU+tsf3kkNU0JhzLq9H9VFm0Gd+sTXG14mgDZx2a6RSlM0fheE9+7V1WRMqcHm+L1iZZvJuvMwIyrWt8GNS2wgpswhHHzGy3A8fHbTxnPTmAtBAECzoo+1OiGkMZ4OgYwYEiFSeDTT97OV5kIQqmdm007dOtVD3whHkz8CnTtiRl4eXgRHLgRxGW5jcAIpOLPDUjKSWiVc+5LW2ap5nt+j4u+2uG15bHV75OMrEmlivLUAYJJAHGw1Smmv8hxs/fkc4BbHX1db3fZ+Md5yTklLJkybpqZTEqxW+mdi69vWxl/Y7W/XfXsWANgA19Eidk/Fn+D2N/PJdsaf/fn2t2sepl8LBuVQzxbN8xTCJ78oARa2McInvywBtvYxIzrftVamCG2LQW35tPp7Nz1MpwU6KyeEk3ojCi9jcp/NQL+uy3whp8psS+PNWTqy/TlD9/qamVzT/sc/+peK+SMk3Lk6kyliytkHgKZfhpp/3vDm/prNv0cUcbwtcwGw06DYUfoC8LMG8ArBr8nS2zXgjp6k7Zz72cP7H6yP3dZBHkp+f+CfzGyG+0+a/zlhnNKr88iWRgqAvnQ32Q+/tatH8zq+Uut9Peyv/qME2CfrBvji5q4UgKUobyeXffnzswiXb0O97jqP/MXl5Z9v+fUr1HmkmbKV4C7nNzjnfJWoKl7XkrzdezP74v9upvlu/oW19vJym6//89Wh+u3rlK0AN472D7iUJ9XdlYHvdWR1R8XmPPK3293+epW4+uXn3/6QLY+jbgsIE7h7srI/NzqmV90J7u9LN2P671R+lKRMcguv38/n81WiefWzj1588e2rtCwOO/nOXq9u2N0bt+9Q3845qvnvHJOJcw64A31U1Z7OeYTxKsffqXz1848/NC++/P7V5ZKu7Q5O8XCnkZ3Ud0GTn0qJV7yuqqqqIZOaVxQr5ZFfeM07fcKAF8neB/XF96+rbCl0/N3bNw6MOr5THUowdQcvsa5PpEezFzzy2hFCYj9IVRUQUpVv6AfgXK96QV7EviUWCO4QnNSnrnXMb/PTnZZ0fA+xjZjb7im/rdqEA1r0Ba1dG6oLL7efLDS8Vy/q7/55yQXZyRzexpYCqFWBnjJqZy+Z1n4BNKa928uNPr3NuybcuLBzv/ztt98sYP4FJAYn8/Dv/3FvUXTyerfbbrrDG/PR0ieV38m61QcnmNXmFPdabUFwged++fKbr/x8/+WLj1h/ql/8ZlEcFqm3lGnu3LgzFyYJ8iv/m0SA+5W7K9r26ILP/Xt1ZRF7Tb9cmD68+PTrf72vF3at7p7ExbBb3akraToAihBqZwAXe6ubIpu3BFfDDb96lZbc7caeaR1Wi4EviovI3cAHDuUyNZbd7biT79zQBfziTjDdReRuH3702Tdg1gTLn7ffF63jIqFsr7pdhVZ+0eo++vgzDz7ePSsAP87V/o2qq+oDwVsG36rRfAvEF9TvUL8KkCmzZenkxkHbZLlqqSWcOLyIdNX3r65mzcby2EnHZETtQTud1NWea2Fnv3ZFMRKwR2AwVbdVpw1QtwrXw/0LRpdVqbmS+1vAq2LqCnyD6hSRftM+YMXrmnOs+O05F9ZUWNUbDw/dGT6xj/taljW3oXQeefKUr0McufOq88ga3pdu3qSanKvrmv0NFrlf1WbCQ5bJJ6EvzwphBGYdO6ecGrxApr7SApHHTygRBvpMAosG2sPhZBzOHtpzeg6FZ3EQ8wMVdKn8vd8f95k2ejbQZwU/e+4pLQjgjIngfgvkTsuzgA9ByzLoHvrRZPw0peS4UHCmcwMhhosG2nrov+GNmABjCr4Bw3ElpPlzNL48AoTYOAroR2qax/4ZAUwjHMx/kOBJFMo9VtGzdB4xVOZM/wwmhuDMdMJ1GXQPyYTQgc4jo9xSOo/McL11HpnM8khsjs4jSoz5inQemflSicfjfEaZPVOdRwYTo/qj5wydR8C8VikalHoE0MbBMauEcTWHChkbqHRJdLPG+BGt84ikdB5ZW8fSkcCw1TxxIDrdSkj7yHWpxOCZEJOZeU7cmek8Qh2QltV5JJ9CaU+YOo/4iGJJnUccpKMEDDU3n135Wv0UCEeQ+MQYUywCPTi8TElzerJznnPPlQoSANCQjtBSQabAA2DoQagFRShIBoegHWHAlZqn84j3XlMdEZpzrsQMx5xrR+UWZlYHRiYCocPSeSRwipGksh10SVvdfxLANPGfhtAPxAVOJ/Y4BKbgJoEH7bTnwWtH9SbxoB1Ln4DldR7h1MwJQbZ0CFBHAooFDyAPPnjJ6J0CDNg6jwRO604StAaPT9nazZN5+dM6j4AZQmdjCcUZsUC+EceFiMKqgSaQT0YTwWUwgBbXRggvrBI+aNDmt4BNkt5EZZUYeOkVYGBCmjdP5TASQLEfMREKrZ0qEWSAuR1ox4XwkXAIOmnC3IpBP0TBNZ2lEddJexVBtk1fbkLQ9XetUvPdNGo0FuDpTJJIdiLiEEwQOiojRFSBe5pVUBGwggWKbQi9rI4EcQz2d3xENtA8xigwQxFHWgYTSa76Mqk4Uh5woOJe+CB59EHKPskzVB3Fj6JRUQgfdMk6b//4Wf7cP5LjmY0KijWBoySfijxDpOQbicZkdjrqEzyJM2W5HkaFGKn569oYTQQEbUTMrAhgutgWgXobw2kWkRDTc5wMwjbHPkzA9GVNwW0awji3iNZOeRrOYH7UOKQwsTNEWucRb7ARMRojeNIqI/QsaeKsK97/YJ2MvrlQKDhbVThRWFpwkwFgYG2c2tzajByLKBFQoujLRAUqwy2MILWWpCzDgXw6gdKeZNZO+kFEG63FsU8RMLAWB9pxIA4KEh1AUGk/QmujJTxcmMLHwYogy5V7PAKKX4gGjmfWPwTTtifhYqejoYgZcgArxsANIhqr9JNo0CsvFMFs4gUaQhAnfuCnOSoHVLoYju1kEGyO0URkzVMZhfd+GCTHxtSTuYQP/CQvWJr+iOSWkBj3CabjiJkFOo8INRQMnUcIST/N7VgSzCZjRWLdbUAdgAmc88jMCqjzyJAES5ySowZU+QSU4yimeRxLOUI7jQIIfuIc0P0mLevALMMNKScyJQbe2rGHzvQj2ikJWyANTENNxYQcn/TQWmHihNJ5xJAoLqIrAxFNQg08PrJcuUdP2TqP+IAmehmssco/DpHWecR4r9PYzqaRRALUeUR7r6VQUQSKoOfBa29sA+o8wrXnPKjYHPU1W+eRLMYYQZUFsxkqO5ABqArhg2hY7rWidB5RpIEwi5TOI9r7BOeXn1kfdH9A6zwyJo3MbOJdSZtnk2ShSSQzAUebvjA4pAQ3GZAyPyhLJhTOh1NK55GB9yMEFUZFgmJpZ3JEoP8GV6A+MuV+IEB9MkwNCC+EOo9MBmE4Yeg84nmQBCE2Zp73+ZjSeQQjD0CPklLlwAykp4OhnY3Ac61i5qm2XnqYaF0oxsG5lKI1lvwHzgrkQHoRME9l6ZKidB5Rw9EzSueRoXRJAp1HJt5HcgSinRJCRO5kUJkx1vep2U5LPjEYvReYAf03PKXzCKhwjJVPjqEXQ3KUzEcToyidR9YTO2/WzOj7u9MVW+eR4UCNKJ1Hxn1HzUi5T+s8UrAiNQCgB8HMuKVdhnaiFNWMNAZHDJ1HgMYAAyVYOo/0KZ1HChc0pfNIEWIhucTQeYQ7ya0RumyNqx/nQOeRAdF5JMYZqoV0HtG0ziPNqXLw6GNQFREApDahhOLwQzFl6L8xY+s8EuMcnUdCYZrSeQTn6TwS4yI6j/THSBoPXK+dziMTWUYqXytP4BwJPEMXinmCm8zXhYLBKjhuV6XzCAcnjVx/IZ1HQB6AxBgsnUc4pSNKYug84hbRf6NkuZSKLSakZkg0vFDKisV0HtGwILKzLI49POU7nTVwxNZ5JCjMcGqtmq/zyFRMlFBiQEFwqijQAAPJRJwIpZQY9+fovxH8BPNMhDmYNBRfd1C6zqzPkqFzLhSeKbjJojqPRJpVAoLdMEd1aYOZX2iTJCXhMVfnET1EOg/jOTqP6AGJNISrzcQqnRZB6XJERCFrxo81n5qcpfOIfpTkcK7OI88j6B9KUmrNxSwDhf9AJznMQE2etNgpnUesSUlqDRhoCVXsmweQT2vFHJ1H+hqQnKvziCRt1DhgLSTp1wLeldg5j1BqE8pFdR6hWZEmO0/zdB7BpXQeUWBhyF4QMAt+rs4jfiCinQZDOZ+SC7iFnJdzHnnI0nkEbFJEFSl5FEvnEdZungepwdMec6u45IKh80gYUzqPCJ700HBlGyK4lHzQ8+C8sqiAOBR+hNGDIgOH2jkd/DydR7hOwUeI4Gnphozob1hsUKeDgIKbOL+YziOwZQ7lOAF9taABOTUWBIrNp2opnUfA2dspTwydR6BmJNJrNnQITnLB1HkE5r0x1mXOkXPkpoge0E4Hg+tlcZqO9BEA5Vzm6TwSBClQBmISR7DTxjasEmpmoc4jIgo0Zuj4NMOJEFRCZEMVOWOTGGM03IDTdPDcPunh84EkRDacDJkLxo8mwo8tU+cRBBKq4UiWVad1zIF0QiaqBXUeyaMg3YNj1R9ZWucRQXqEh15ljXFYNCHzNPiYCTNu2Nj3EZAPk+w5yIPnmolABuGYCUPnEWupM8UmlTPHFOJDPC0wtLTOI0rMTGFEzQvHcqQPgE+gziNZzO10SOk8AgQh0caqhqJ0HhlNAR3B9bBgYKMyExoGmBorINmMmGVQ5xGDIUQkG8/XeWQUDSEzhjqPUFky6ANb55Fy6dwACm6S2wV1HhlMckqOk6cMGRHc0MaGyTMTpzyl+QkZII7I2E8yHEiFFhU5SdvMJkBvoTiNjfk6jyiSMRzD8/Z8MjM22gzHwQUsb64Y+TqZghLk6diqARzWzCMYOjuQyfEJRcaQIbFyMFGGG2WtVUYDncQUoACurbVWCWUHTgIOlvTUaiMsIOllSonwUcoqO/ZK+eD0QNioNWAcUgBsVeQa6k6pQZ65AGRCAo8Aoa6sJaSTjjb2CxgrfGlzTyfPYYNezaDOIzOhk+QCY4yoBlohKu38EFzhJEU28VIPBEYkrMw0p/+VAzIxouCaACcMcDEDhmOBCM/ezox8QmhOtDaKpusRhJrBKe8bC8iEZNByTT0MUEwUFUfgfEQUpcslRu+c1FpLBhfvtQRsaDKEFUVOau+9llAXCu89oA3YUHmgmQGinqYA+GgNuGlWNqDMqFomSXNkZFZrmVhk5mcpaa0ZKZU1p6n718jAlsxE+wAE1dFSw4DwIVDhwWY1zulrpykyIXjAA9BkEQqBdf0MIO9pPRuZOfSsHEoNycgEyFB58vTFNzDrXpaw+9IxnikpU1qEg1yI5GMpWTqPzOMt5xJ/mCQ7P454dqbZKTEoslOieM/J0gIPXGkDIwTcPDa0tiZLsUp90FxjkUkyOUY2lr9FmUtSMnM4lyyV7YXy5ErAfWY9nvPI2/o8GB8+Lur821rnkeYWBrlX3TZDe83G23I055HB8Onb8X3jqRtMbDN03ys7r1vLYynflu8bD1v82wvN7r31uiJWgX8OzBZzBdbqBhfq+3NgtpojWKf7VSGTdYP5z8l6Hm13u6fp/N12twmTqeZ6uruFaRgWt7vZlaL5+oera+lOjw6k1IHtpiqHOY9kv/Vfvbyq1s7dPdxpOyfKOY/QlPAff7L97Y8/WSFefvaR+wZfq/Vy4BeC3+mp13ZN/qQUWFjhwsvPP/y5L0QbfZ1EQ6wR9ludw9MQ307Za9YoK7ZCR70X+z71r66mxlqhe1L7lxA+2fZe4tsRf8UOECMyKqc1Qzmf16qCEMLPX3z29T+97UEJ+OWr779byL76lKnQqv71H7178esieS9lLmKfsV65Fh8+iX/87sWv+/eqqq4u4r//7EMa4M24ezG8urmIFauZ797Z373trVaPF6N0D3/1Orvo3o2hY7xZL5w6NPLZh+B1CWgYs37j8NDIF4zXGWK9XNuoFhYxr16KKjXX7zq5g47JFBYx1dW0lte93zgtDGOc+/vS3SaGMTbDfemQybrB/Ac+3P7AHbHJeimKCk3ur9d8PZBJ+9p66X2MTLJ8vebrAUyMMWKdzLifn5cjY4QN9sRulkdkK/1esafbsmSnTBA2mP30Z2GjmN46sLJEGQv8SG4yexbnxPRXWwXN6l//rVTZFepR/7DZntR3XyMxDWqrOPHO1apMWSafK9UmC7N2XC1nlPTyMpmtAiNMVqYsk/9oo5QRakNZWlfOzidalpjYJJBYpxn+eqXy97wi///1ppDJWpeTwyYR5cSIciLISTinFSsYJ5ex8p92GrEK8hcrY7VYTm7EGsjZxTXI2RXNSZ0klLNLECev4w7krAvoNEBONTZATrWATolxUicgp/v6JqFAzMillFJ+VRP9ebnzgUatlTqmw1c1KdRXIT7WixFrbQz1x69qEle/eC2stfbFzpGq7vRlffgK+z3vFFaPX9VkFK4LeLn0mH1ZkxHdwls5L2r/pX3d3pmCw2WQ2Rc2mWNfcbhNX9z78MYrRBXRfmmTVX0ZQgh481/e++rdVr7An0HRL26S4Ef1VTU6+/ImdBv8WbD96iZrFVXl7Wi/ekkopVRu7RVrW/OtDcxvw9vmOQ0PhAWmlFLiQtMJbHd2uru9vX3+pr4WrhM7/QNgN2n7J+f+/b+c+8eFALI8kxjCXtec7zmZOu1W/vYEcQWGm+4FEHAk5EDQwbgrfLQR0UbAgbZQWA3jLDgtYaiJtxYnrrR3wAfhqSbxFGOkShD7bmHvEbtX2H1oD2jjJCz/lEylFajc69oWRhU7p6DI4by3u9NpqbcJZMzDCH0coY4hc0MOxhtc8hp4EGeMKKthlNGHmBDoAgeUN6rsO4HMUuU0xstbJKKoUoMRPjUVPtZe2ss5FvW9cCCAThiXms6DTKm2JPwYJU23087LOmzLdeodKXWPk3ijwu3efeahQmoJLSWZZFrOCDVi848/Wqba2st4SgKNrmC4VraV3AY8gIQ31xifYyut9ZyjAlUDQGaV8EDKfWJ70P46LISYY51j3/d/4OeYiDHGOQckEIEPvJepJnH3hjsQdLkoyxCZbSG6ThFu5NMNBT6GZFKCsoRKaYEKYIwRKTshnm2oEFhEuh1JB1lKkpEVrUHmQKhdLwqabse1EPOsBDtlEds7oUjv1nuMwwU8zMOK/RGo6IXQc8EVFhzDFqLxV9tjERaOE/Yh8ANSGUWMl6QwYx11JAm6N7ukIanKMLDLSbQxq3hapkQfSmARwrJjsF4IJZRgmaK2Uwwi0Csl5hc9rI9GVpKacfiqQajt7bTKr2v3rhUxRkWYrGGN7s2BZFQQqHJDu/UxDUoaurrBJaikguOYv69BzF3aN91WuQXucKrGeO+B93SpQtcSYHmyZnYkBFXiIDIqlHWSmmpIgE07eWl1qr1PDiTS+/vv0U22A9hNUxhVMVhn05R3oGZxeC3Aaut9r1N9GcNuq6wi7/JQPL/gnzadHilUGEXBOTGlqJpFTSVXX2LgO3kpdZ3967ckY9s3fA+UKufVNMhzIJWKGEHPRCJflFHgDj99977WVJMQT8S5N4Xx0lKNCHt9b5N8ceWMUH+6cdDsXLtVRJmN18M+aA9sDtN7B9eQfJt70bXKJ/LdKMmaW2TfjWIKb9oktU7Xu9nmcF9+fBbh8t3H9cZBFt7VdQx7LrhNZMFxe3lPX7rSiSZESWrmpOG/cUwphZe1fi92N8dz9PoHPIuryCxmGwc3H9RHPLjNZYFf1/felE93Teqb8/bfOLvr97jZHH+EOFOuG6TmePkgxcO9Xb2hoMn/7vvyCWcfyJt4vMlwi8RaybQrl15L8vcHoFt/k+yrwYAwUncsowALgg1xEy0IhXjzXVlCkRd4T3uyAp7F2xitBC4PLVhzL5VRtAU0HAi1UXZQQimMZI3W5x5XWiljjD5HxT6Nj0psbPfuKehbpb7PARyPc37TC+BiLEv6e8EgrXcvY1l170tqEByV1oZIKkmwpqrOO1qTjv12Unzd7wio7LuXLbeOjknfKhVvcDiU9QfncEXgb+DYHPoarHTrEoVXZdV9oN8nKzw8dw8uY8Jz+V2UQqTG5yTwMEhZfaD1OUezrcWgNhVKOju9h1xE6l+22ENjyArGNTNSprq29pIxpP6A7/V2WXbmw2zZGaAG11tkj7b2WiZYlRVH5kDdK6nu9p3aFSsq6uolsCtzvO16tyMY420v2cHG+FhPujv1eYe5oi5vy173c1e7ZMz8uuUQ2IERijH2kRF0dW3tvGvjjuC1cfMG3C9jzGYA51LKuvbzLpm7ZEQY68qNiGRbaOXUAUAj36air1qdc3S5hJfDzbuERqhVN/XnXUDHKlZYwU3fG6FifAJHNwCMNN1T3OIq8HYCgLbj5n6c/SRCCHtG+EUJyw6oKkWkCni66v6Afaih71iArFuWhCOW929YJIBZSxcn7EOHhJlhXkhvLayzmgP2IyF0WXVz3t0Ijkru/nyjr4YF4XYDhFukipylDBXjmtiKfUXsnIzNSY96w3BvDPTLRejGKr8RgyvympLvO5s2cQrGHadQmJNXE5fCMfo+gG0ych9ekSxiR8Z4D/pd6UYbfbkq9FovFilSSsm6r4HUC5nUWjKMdWkWKuE9zDDDSq9bRGfFD8h6UNBU1FFFe1a8SC2llvNsgdtcyCQXMS0ZUcq61U3F+qCNOlcD2yTozN2HsOkL+tO66XAhohAt+u0uMoc0s8tEdD5UJeIsAXpdyVjwr0sWSw7Ysad7ajDGyzm3LaJKEdbNilgR6RnxKaWcf/8i1jnjI+GBmcWtBLuFChra3qdMVnOOF554ti1CQ/u5B55KVhVdpuj5n6TTzQM4jW9VtgBK4FxKqsjjOsMli+1GAV1aCEV1hMTsKrEqrRbIzhHl6wuSFRiswTPKmhPBqhcqpC2CCiJSdcqIiIvc7YRqVdIlijRyBTkuzW6Z4uYDVnGjq8XtXrWw6cKzipR6jm0yhFlc9Am6w4zEhuuI9fDxILz5u6g6ZkJMih1muTG5IOlXJysrbSQgQDwwY+SCBCEpyaK5uJV3t8Lkare4qqKgSuCgLZgdFuXNicYPb2MPPpiaxOrp/QDFYU33IOYWVMUqIRzo/EG4eOZJYC6vRzacXS+v7nzZ5gWE5U140OKiCmizOkB3IzHfQ1UteIe5Bziw+gVxzDkHgcG/Fjl3eFtwZQigTfFm7h7AvEGL+3C+WaG0olcybsPFn1YiT34v5+wDZeUuuYdmI19W9D7DuwRtCc1sQsX+c1QafRGj3V1ANRG3AMWMnJINo4eW630yE9ldfXZR3U+s2b+3c81U3y40FAB7RIRITgKDtaO0YNXSz3SfqGqZ1ERL+RwVkMsbirlZ6fVakyypYmWLoghrHgnvk7Ig1pyFWfI5OhvCtNYq3r5ubhaISIMKFpAWQqRaxV1iDW8YRHaqwCepQFF6KpvMCpHnQ/keile+gyDTsegYVex8Mt5KTD4ASB17Y8oy+QKmd15fVRcg5+0BoNltTjJ86U4O3F7Lkvxt1UcoBV5BC5SvX37729fq96Gu/Bl+8xF8FcQ2gZNSvoWvvsvLNEKAH+qKZZ2UUq5DEbIU/f3eLn/rdu7GiajulmkE8KGuWM7J3k5hTp75f3u7KSW9LxdDaLe0fLs4b3/39EhKj/zsX5vGE3/o1Y0Fgbs7grsyjZ978KKtLOH2d1p5pizuyrMF77bRKouud7AYUGn5VuFuHO52EGstzvhPJcjHKMqlcMIXgurgUVWW8e1HIQT6Q11xa1HI3VajnZLL0tliP+UN7NS1NYkvdPeMPVfgbWL1XdEGsWb2IZa5BQbrItlFGFRHHYV1qnOzX81/Z005BwCdc2ePvg0ENVKvLGXvFD5V802di3Pndwx2I0TL9taiXaW9slawvBBWzLOXX34U6C/Cp7/+owXvV7XfUa0u5z24KCWXku6xY6QkiXFp5hLjUtLYzZvY3eNB1pLP4QRJOwpSci7fApy70UPkp3jYPbhb1zVnflbBOKvjjteAD4sYTaGmTHSarXB8Ilx7v2KxY2QAguK6FK5dvbx8fYlwO1zQBuwwx9gBCrvAv7pIlmKktmPZ5YIFcXcq3Oy8SFceXQnFv23jGx7A0rx38J8Pnmk14zvxwfiR+EJyziVfwD578RHLPv7k1/+54OG7nXX2aA77ve6OBG176XQwMCUpuXaEEKDTTUlzQzOgSgteN3INKAQOugi6SToOs6JTcl0EkEGnpIMs/eft3Y0dtXtCFycVo23P1fEpTKnivBKIXnoO+hCMUaAkQmGMqqh1odGSFS9MnXI2/bqulDHKQ/BKGCMqvgT+49N59hlc7/SCH1+K0frFQvYll/PsK6mh/bAY+mk+Yto2Jn8o+SFf09C5+/nHbrw0iAYXskgtRf/gz49ElA+FJX6+xa+Y/3366/sLLhQu71I1g922UkpZp43Zq1uETahRS6nRWqWQExqAGKd7E6huANduOFJqzKPfA4ysUlY1CGQXFeyBKP+um7WLf/sOflTBOm3n6p66U5+GnUNe38Ze8pyLlFKnnarb1UGq264ODAY95ASq20hYw4pCzQWhX6egCKNAONTwbd/odwkJKfji+OdXK7K+IwsDd2Vp8DHqVdo7i14Ua1qd3JyVJyikj5jSostDRlQHSx7Yy6piUViOI2CVeAnLmSoMbhJCAB/FkMVXd0mLHhQTe+0mbOfVoYBKBfad6hZQDYN1zWVXCZdqa0PBQBGKynGwjDYx2gcBG1gnpwh9XjeUq9EQyB6adqpRYK/sr3Y3OJqdw9O7tatxN28l3bGqV/HTbivw2+402YOKG9swrZQqftRWdTdZPCUMkk7K9kC33mGHsIQZ4acS0Fc2VHeqYFUnYcMU4Ccpq7VEIU+WWg0a/UIIsfLBc4skBEX3jKdpaI0OJrSGBBKYM+rxrD8AmcVSvvHUvo839fMaIV5/S2/NIy61W97I2sXfyK6yaY+Hjiq2hzgKNJwOQQYnXI8H3eWureqCRxKqR9BVqGnwpGyXA/r6QKOqQ9A1AU+qYM21Nd2Dsr8bKQ5Mq3d0yvlhK3PiVEjVNgT7bHT2hahw17QPUXCNqFUSKHrKgrJCtgqqdIEl0QZ16lOj47lIJnmxXxNU+1nB+iS0GvLuZtvNgDfr+nV13tDee6ptU4Kz2rN7IdfBFvg5SfXrl1eXO2+/t9POG8b1AikzjkgVv1nLuU5pyagueCONxgI8dEUDEEqCAU/oc09IqiSTQg26BwsEVHWPB2cbiZf+8/Z3T3YxN1nvFLt256RgdtTJenPRasgKvPHskNQbeMV9G0PFK6+M5wX2VcdTIFS76Gp+2LaB77dcUZhwYwucJKtPeaVcI1QbDW5lc7Fco9HiJCeVPJtraHwfAIA9h+Q5WQkkQlGVbrG8kB29gC+F2JLj8OTeTks1Ol0Uch925rXnOxdAdYFRjHRVQ6BzKIQEYLqACnAJdaOWSQDGIKEiPUO4qgKlfxwe6ZXbLf6Eo47arwqc9szOfHRIweOkbRsOuEtsYFfr1BQHFYHtHDLQthLQ7zY0D5k8AeftCdrCJq2lNb1q47kBxbzJ74ZVmeQPiHamCLKTRNAmSQQiZa8YESm+DD5+8fWrd1Yyrr5oCTRanczQBYNjuHloYA8iiYZCYE7OXR2U0gzUpmZBFQDWPXgbGFdfVAg6ZmcXlazuAHTnI50CNDrU8Jt9eExxiJ4QkY6whDixmafQ485opHFsjQFc7f5mQ2vakxaXYJVpoapZYM2BaZhkwLzSbBqPJxEYKcVMWLN/Fbz89tXrK6u5To50wWMbmzv7VMGwhOvRDiX1+wYagmI3Ti0wnBMFgPMBCVClwIGZ0u+cAyfksN11lNsl0K2wGAR3d5xzUhVdCYJYReA7qltRP1jitAXdSbdJIFlAu3sIuJ7yjeduwRqwX4uoM9U04qC9PwizzxawwfGkKjofK2X/KgpXXuMqrns/6IHT9Dt5q9NW4BRcF1U6ADuRkwBsaISViyBBxeHIe8M4b6+6/NAb3guurVwAJZZNJDtdY7hUVh/ADgPvTfk/b1+DN3+f47Ld2QVn8G/XRynvFWhqDt5OnYcsmBZKDlabtjP8dmG8rmtQJLV8Vbu6Oq1UJ+thQeiwLuoW+1j7OwUHJAsdDBX1xibefG4+C11KuGSmGgi5g6avOKh3ELoFyCgk765C4/ex2Wt3eiGQQbddmTdrUj6QVoHcMahDFw0boSZkeqkOkMF+oK9/09iwyQWXMLmkVApBt43rSUf2C12EuwnbBVxD6Xen8gBvVLjTTDyQmnxV7Fs08qteo31SHSeTsVCL1OycVHgU8LjbTKriFSqQED+wWdtghSbJ455tyaoqljuCH9ZNjZVPjQKnTrV9xauq4Lrx3GIW9dNZqJUBhQeAU6Y6h31qbAASsfQvi3xxYFPkNhNW7oe2EhaVAG38rm0oYmzIrmooJQzyA22VQofKBuokHipw8lR1eUBAHwz74Uk1lFVKKC0PAxKuTgltyv1qd/e0hW0wsiKcntSmVXdr0D/HD8ggC6fYcNU+INNyp5UUynV7su2QwGEPhJFDxU9P4FgNK0JFKhi2U7sMnLc/RsJV1+g3G4JBmmoj0dBb1JWmMIn5ndnOb3m5ctAFo+ZQ7hfJd3KlLOye411rFdbO7hawENRIOkJMaqfIipozBt9ZQmmHG9mrrbKqDZNP1oL41NLIXtuqwtel37kboW2MaWI4JePtMqOMCwiShwOxmKvrGkOrYQyGqq72202lhOpCQnfxoKMI/d4J50cpM0K090/JycKuMMYlMN62OqzBOMz6ZMM5i3VvqYql7MpMVYf3kkS8bDHw9yDich4FY2QIgXMeJKHAJU1yLke+NH1J02cRClyW++ve6fHxYLS7g6PmvajqunaAgzhRHjlHLyoHyFSEpEBOGHhAgb66rlLeQ0p1pRj0awb9iiZkvKrqDej4hiZzoyEQpW2miG2SiJcqy9vRIkRWaX4V9D2VmdK/2jlX85r58QSb+85CnvvjWl3NGYxoCvV8nvPpOyYHzsnGG9DBjIi33pCtTBFeC8xysfMu03vwgCGWXnDwfeNB1jehAyUQZzCwlSniJtCpLgnkHAjfow9IwZPCBcl9Zv14WfHhrSqLtMkUEVRrDdsGpMHxuA8YY3pNBxcj940HgK9XJTsoPvkeQppisjJFcPQFIMjVgvI++iAtI8AxdrC6YbnAChvGGgC3md+xc5tvpQKtc+BcsJ3sVCsoePRWvG+8GlJe8ZNOzH87d/K/nTtz/b/NuLYLD/G6x+ujw9/+8PdH/NPZ/vx7Kbw4+X2fe+B4TiCHP7j/Xjw52mDwp7d02i+h0Pr9DzYYbuuqmBNh2Zynstq/KSWY3ugm+isv4Nwnr3fLJ/hNrckMWNxmWqOre/dl3N0Y7odBM9+/JDPKvwXmP3nkN8Wu3gshVATzZquv7zTLJ67wm1JrKcmKTbRG6/cud/Oy6YRQnTfxPTAVi3TrMp4cH53vTb0x3ntFCZcgpayv91pZo3zCYPfazXv01JY+0JvhZheMicH49+KbnbyEzju9qXCn9ybekp41b7Zz2X5gT+oLzs5Hp8vr+91OSZ1ffjNr997YSEQF8FozZsly+5xWHXTFmteXvEW0gmiLcqoLhRCi3QWqb9yCAQdmVMWWFoCqWRwYI9fgLN2cHHghlFJz1YKAChIQJTh28jKrF0NTFCugXAxzdq0Y02ZZ4yKFngNIRc/liyEYA1xTdnUeyTu7ZKaZEWr1sOCk6fBEqUXnzXOw4NKi8/ih5keHkTmFMpjPlGp7SUn/0c4aTSHKLIwRwogWFP0DTqZIa/YsmOiChniGnUFZwjDt5szqR0qQzc0nAIf7ESGg4U6PyIIRL+dOnI2eQxlD15M5ZY5Sx0qJeX6uvh8MfXdqGM0gL1ozJuFkQXp8t5ObphGiLOs2IzJrgZwrUAqO9xaYBxl7kkzsqfQsbfNn7CMrOTdLEmQpWVBj3O0gYq6UAVZ2nTECBJxSVywiYntnd48h1Q17PmQgMjSLgdasCZUl4udMmUxTc21bbOZlqabVqOgR6V5gjKlSrs9OBuXZgbr8gKMLXZf03i80+TkQREsYRWyueZgNnZjRttvdAQLt5GVeVykhlEVsg7BLUv6uR+uuxJqxZM3Q+mUJY0rzUlvL1Fmp5nu7XUnCqyYBhuptQG8lqh7pOjskyljqWTG0VpovpNHqws1eXs5RXImhtJQwcwWg3oaOvpMRRiikjjW/262gwDrE3jDsWh1YVhNPGa8p+Wec0xUsUtoOrwgjqPh669BPSwhDxwMobaDIUpTKUsEypi+6jCFLRa2aKaUUVNeIjuO3Hd3jhGAUOuyygYoY6pfFgyxoUoKmyWL7dqR7XBp6CJOGnKYUkIC90mJYsolu2qe+NzDiIiV24QXCfPMmuE5Sz4v2LTcpzjdvTvmRLXncSDmxPMfA/x5Dk+cYCJeY/5j/mP+Y/xi36Ez24SmLb3t9SfFaPmXxMqtLmkv1pMWqoiyR5+/PWrRnyhJrrXzaYiqpanqKg+G5D/FSPMnx/ONPH/uTHM8/8tP5SQ75J+ck5HaD8Zr/Mf9j/sf8TyElAAA=\"></p>', 1, 1, 'second', '2023-01-15 09:20:09', '2023-01-16 09:45:09', 1, 1, NULL, 0, '2023-01-15 10:46:35', '2023-01-15 11:14:33', NULL, NULL);
INSERT INTO `tasks` (`id`, `name`, `slug`, `desc`, `projectId`, `statusId`, `priority`, `start_time`, `end_time`, `createdBy`, `updatedBy`, `deletedBy`, `status`, `createdAt`, `updatedAt`, `deletedAt`, `taskUserId`) VALUES
(20, 'Another Upload Data', 'another-upload-data-1673781447476', '<p>Hello Another upload data<img src=\"data:image/png;base64,iVBORw0KGgoAAAANSUhEUgAAAOEAAADhCAMAAAAJbSJIAAABv1BMVEX////6shf2kiDycCkAtdICqbT4oB4Ap8rsWi7tHzf29vruQTftRFaFhrr//fmvsNUACYc0N5TCw9/s7PX94bgGjaIwM5MAAIRgYaZ+f7NayOhbXaT/wRT95rbj4/H6sAj7yWP5w8DVHkPT0+fxjnH6vWeen8Wys9D1/P7sVSY/QZebncr5uMD717j8z5UWG4qS2e8MEoh60uwiJo72nG30giBWWKP5xMnyahr3myONjr0TGIkeIo15e7bOz+Xm5vE7xOvm9vz1jlnzeC32jAD/4pz0gB5KTJxpa63D7Pis4vX84d/wW1L60c/2n5v98fDvRzz3rKjtNSntJxeA1eW24+7V8vctv9gdnK8AfpWy2eBUy+4+na6ApcTlv8durc+ZlbH0OEnzj5hjrLrL3uq9eJDjSl3yeITtPlGGvchpx93M0tffDzpmkJ9bw8vfOVW/HkcAnsXnWDyuS2SlVW2Ej6AAutXxi25OwMfvP0HxbWjyZ3bUWEvZVDqIaW72kzf3uqjlRh6Lk3zMfERLpKL3n0xsmoyvhmH5uXn0hkf6y7j1lknxWwDZeUD3rYeU2t/959H/yEP81aP5r0H5vI8FbbYxAAAM60lEQVR4nO2a+VvbRhqAHWycRMTIsohsYuKWdWO5clojhFUfso1xikRIAmm52uzRtLvZLG263exuN90LeqQlNJs6xx+8MzpHB0h2a5CfZ95fgLE0+l59M9+MZCIRDAaDwWAwGAwGg8FgMBgMBoPBYDAYDAaDwWAwGAwGg8FgMBgMBoPBYDAYDAYzFIordzqnHcNQ2ZpfXFw57SCGSHHuzuLi4vXTDmN4dFTBxbniaQcSkNXVgU4rdkZmHs7euBnswM7K9VHJmp3ZCUTx5q21o44rguIyMmmzMTvx3vqs+tvk7I331o80BElEclgEDDuyX4rV27dv31J/W7t94733A83K4sr84p3tjc2trVHL6uqt94NMSrgaLsYg27sbc5ujpXnTP4ed+TuGoMqX29vbWycQ2knRmYNrISIIObsT5klZ3FpZmQueg+segrGdDz4cYoQ/lxU45u4E3mQWNz0EL1789TBD/JmsqEn5zW+tBp+FfXPbIRi7CAhxEoHh7z66d/fux+pK2Ll+Z3He54zNsyo2wYufhHcm/v6jP9y7e+HChft/BGW0CKfZvE+wxY2zJtoYDXcS37lw/4LK/X/dhBvqOV/DSDGGGmqCH/wptEl854LB/btXYUPRv7CuIElUU7izsxML7bpvGQLHj4/ZlqLsWobmb6Fd9VFDMBk/7QQZbStIsTEM54Ye6oAghvf+/KvPHjx69Lm/Y3HXqqaG4fYJBDsQ75h2Kl+Mj48HyOKmtVoYhn8ZfqyDcdWUU/nsQSDDDrLsG4abww92IK5+9XD9K8Txr4EMI7vWs4WRxI2hxzoYV89PnAPcuKcbfvEgkOFGzJXES0OPdTCuntcUz517eOM+VPxbIMMtt2FY1wtgaCgCyYfr97/4e6DdidswFtK34NDQUoS8Eei8bZfipTAboopvvjEZ5Lxdh2Hs0qWQFlPNEFEMaPgh2I3CSqorAsFLIf0mQze0FIMb6ltuIKkKht3QVOzLUNOMqYKXQvpdjWl4fr0vw84HluH49mgY6or9Gu7sjIfbcPa8QzGooZlASKgNJya+sil6Grq/h+nsWH6hN0Qc1z0NtzZ3t50vKaCh4acP0zAbWo4TbsOt+diXuxsbc9dt+05gaAlqSQy34cTEXT2LTsOt2NnrWz9t7IJlD30+6ozb2B4Bw4l1zXHiHzbDlVhsEz4qdSLFjdg28h3pI5fhfDhft1mGxlD9J2oIHuZ3t2Mbm1vQbWXDcujYDcdHwxA4gjz+C/34U7jtNL/JQIahY5TCJI6EIcyjzfDfD2Kxn7zOG0HD9fX1h2A5jHaXkFG6+uZ//vuJ53lOw/HwGkKxaLRS2dur1eJnzpx57XXEcP/r9fdveZ43OoZTccAZBIfhxBH/vLD2jWuYhtTw8hkHdsOJia9nPc9bffrtd44khnQ9PN7w8Otz0Wee5x1Wq9Fvvht9w9Xlvcpjzy+k9qvRaPTb7xHDL0P6jH+84eTjsbGxV16PU8+gYbX7A6I4koaRHjC8dmBkEcnmk6hK9YmVRs918/TxMZw8uHbwotLdPwRya/tLlmI1qlP9wZiNIX3n7WMYWXv842Fvofr0sLe/VD00P1p7GjUV/6ctHI/CWWh8DSOTC9Glw7XVhe6TZ8gg7Zk5hKgLx+cnHHlQfA3BwrDQffr00F5Rn9kMq1WwcIR0GgYxjEz2DvftgpNLUTvVb78P6TQMZOjmsBt1KnaHH+tgDGZoH6Sq4cLwYx2MgQx7T5yC0WrvBIIdiIEM3SmMPgn4z0YnzyCGay69yrVXJxHsQLgMxxZ8DZeQFHa7e3tgZ7cX2kHqNIxXqr6G+6Zgd7kC9QAHgb7sOBVUQ/MpfwwWRZ9gjZXiSWXM4sXJRDsIl1VBTbGmlf1jDdcWYAa7Nr2x+POTCncALqt+0DC+HPU1XNvvGjPPonZm5vLJBdw3l+M6NXPpPtrwcKm77NBTBZ+Hdxbq79qCGfaeVcbcxGdmQp1Cy3DMMPzR23Dt4No1tx9I4MzMu2FOodsw6ln4J9967OGnJjDcY9RjlC5f8Qi4d+ChNzYGEzgzE97FXsUy1Je5Mbfh5AtPv5omGOpJGEEM43uqYCXuNJyc8hyg2ggFk/B04g6O07DmNOwdxGu12lEJDHmVgTgMu3G74eSLl9oYdgrOjIqgw7Bbsxv2Xpof2xz1BIZ+DkIsw4o6C1HD3ttxFHOsGiP09ZBXUQ3LcExLoWX44mXcQQ0tMaMwQiE2Q5hCwxBUGA9q5gh9PnXKkQfFZlgzDddeLS/XvBTjmuDzUZiBGpZhraumEBpOvvXj8vJyxdMwHn/t+buXR2OAqqCGWtKugAFaWYaMefm9POiNRIExsQzj+qi88gr4VVQc47T28sqLtRHKnsbklJO3EKbeNpia6o2cGwaDwWAwGIyNnFggfqm+UiLb7ylE3qBN/1JhOMinE0EMiXzO/yAyXej38i2O0uCyzToZ4Br9E9AwxSn+95hM9m2YohhOhUkneUEOFEufBDVkMkMyzBiXz5WyVJnpe5z7cuqGWaTflCIxfXfhR6gMI3SzwaT67cOHcBlGiKZE9duHDyEzjOTkcgn9myDc4RHORlcDeqrD0PPQyNGGtuMNQ+8LevfrNIwUBLP2RHJsKZGoky3bFVtkHTamaKshAWBTtmvSqQJoLICjUEMadpgo5L0i8TLMab2YAWiGeRZGwAZb29yGLY4zOmTFchrAUyUr+LzCJdVGpmQ28LAhSSnInWhlGPUwQckhhqmsoB7K1d0Z8DCkE6J6PM8lUMOEDC+YlMSSs49ghpGMQKo/iVKZSbSISD5BlaeNiNiGkCHbwKska1dlKXAlcDfbpCg0zCJFMoJCEhEipQgUyxuGpMA0wSHtElXOuBTdhrRc5ppgZMDjm5ZhVlBYAtZ9xmjt17DZ0MZ6IZnVI25Rkr5MsgxF6ocRee18ydh1EgXKqMMpRjAOIzlK0A1ZxhgdeZF33X+3YU5O6AMxxUnamSRfnxaMJbtACQFWbw/DknbPc4I5WkHmREK7ZsPeJ801kFALvLbxosWGVfIKjG7Y5qwcpyjKeVmPHFozOyHV1Z9kWbb2JERdCFB+PQxJXh2T0+W62URkk2rGphuOcVHibZtJSkppPSjWICRESTOs80iHTYmM2Dl2tWAZrUdSEpAICCrA4n2kYZ7jkFrF8rBjuuy885z9EqymxjFo9SX1eVhmkBJKCtPOSI4zzHFamKStE3jTfBeNIw1ZJoO0tYQs/CTp6DDPiLaSTQsUOCAnZdHWVlI1zCfRdLcYxRGbj6H2IdnItNFzeP/nEQ9DbTSRjSadM2izFAfaFMcsjLCOTNBiElY5q/RC9NUC3LicRYpyxnaUId1iS3VF/5Dkm7ZNZtp/Ih5ZSwsSQ1kwggDaRNvoA5SkhO1vQkmC7BWQGWwZ1gW0Q0qSHQu2lyHRanIUAy7O6DXFsWsjklzbeY6/ISHCuUUkpOy0DfARQzkNBXvRJxQenFv3NExIoq2/uq8h0eLSjNhMlNhWi/M2TMsDGLYoEZ5VSDqLHSiVLkPJ5gJzmD/KsM4fv2l2G5IMVUrl9JUm6204yCgtaTuFQtK9JxIFR3EmHaOUFtMELHhehn6PBS7DvCyZN9Q05O1dJweoNC2qrA4fVlJcByu8o9KAimg7u80wsNJItla9lqbsRcIdidMQ7DzM3/OcZ6XxGxdqvw5DWmlo/bY42bXUsLyjxBOcfdymkvAAWpJti1ZDNaSTztriiMRhCOa01TdpVJqyrRPZOai8+rUbEk1e1P4mMu5XNrQgOCZis2FbIcWyekUZ3bCYexrOtY2xR+I2NMMHWyDdUBKQTlqC6P8EZTfMZRqicftLZXRx1TzqDdF+eo5HNzUsrxYpMJY4y7sg6PvSFI/uiFwj1mXYtIZgShBMQ6sTWpECPD9ZhgSdbzbKinVTxIb5B13QhmdbLJth0JqMkES207oukSmL5gNHOavnECTCXL0I0vWuxDUPWYnRG1JlhTJGqSgbndDTfCbiT4qSCyykMC02eBl9/56XGyKbo+l2nhXTTUJvk7Kwjc6T2vt1IiEw9VYbHNWqCw1jBOXkcgYelktNl5WU8XyYy0gymYcns0pDPjISCHyqoBVwbht0XGooLdlcLUitk1xK4UWvdwXuO1fmkyrppOh4553P8oKYUTIczxsPaiD2tCAroK2R1qYkQZZ5KqsoWSrNWRM3l00KoqKITDJB59PGJq6tpCV4ssw3mq4JZEUCYlGLQV7mKXj5dJNuU1p5gG/1CzzsJMsklUCvMXIlHTLvsUtPKfB1eAZ5iQEe25uwTSyZk5QoZWCLYn9Pw8JTZShC162p2mrK6ske64YZiRqN1ldJVDuG19Ba8nVwX3MJWW/GYDAYDAaDwWAwGAwGg8FgMBgMBoPBYDAYDAaDwWAwGMwI83+6b1Fd1JJP0QAAAABJRU5ErkJggg==\"></p><p><br></p><p><img src=\"data:image/webp;base64,UklGRiZYAABXRUJQVlA4TBlYAAAv58N8EPcDMZJtVdF9eu3hkH9KnoK7w+6TNBxJtq00777v/xP37H9hGWeEwzdwHMm2qlz57rYT2JEQsZOBu3OffFHaRpJjfPyK/VT00xxAoO3zB4IFBLPtkG2bVFg1jgC+/zTJaeL1X0siR+U/aTUptRh/q/hPWlu/chQ5G8/KKL38VuXFETuc3BZL480+uX7Tx3f5+8xfiUSyHhTIChZdYvU7+kvGLyrTfWF4qQyupfdNlMNN1X+1ucvhBrSB3hc9wcBiYHgFpjqsQAYoUIgQI2SEC4qCoCBcUpSEC4qScomRi4gwsgIEMbxWY3xvjO+NUbtGxuMUCJQhlUKd8BSxjAwDU13Ojv43rSmt2remtdIPfosVxhUDNPr62DuCJWhZMAQ9C4agZU6iYAl5B3qGjsnBES0D+UcmxYGBVt7T1XX4eQwful6towu61nXfuHUvqVva/GevXruYrcn7RToQ2kYSJKU8/FHfzP09g4iYgBnzj/Pf0xc5iDFSTftmt/tjDOHyzHZb9805R38cveo3WzWz6UQl7aU7Muu5+Mh9M1MItY+8H7APz9MVCZXy7W11zkn3H+Cc4QfWGGPMNvcZ48b88eif9r9xHEkKRjCTapHFYjlVqVZSG9n1XnsSJRqR4k83rqeve1yc2juNtrUTofW7//slvgBNscjU1O4ekEDBfRNARP9p0bYVto3u67yJVIlc7FcECCnh2v6RZNtuIknUvBVmWEH3kJm5k3P/QyZbsvQrWnaSoyopov+Q2DZyJNkAL+fevHuhBvfBL21/1EiygggTYfvs25/nXBSZwdkLZzrBLEMUN3BuHv2EXV3dfdKdZ5HETws/ISmi/7TYNrIkSY4Zz3Wha9Z5681HVFbvdeDmx9u2bVkjW9v2RTv29JdEf0mF3zDf398nkYVFv+THC1rpSic9xqhPsIDHARzMI6L/siDbbtvmPPOOwXrdoEbi2Qnwc7B4cnQM8S4WTw/PIN5uMF7zP+Z/ipI5126Irec/WHDp77evQutb90cLfrx4I7O+2voPF3z5WRdZt/QHDP7kcwLrUfznz8D3oXuSY4xIrPnPQX8pw3Mckoz8SWiL8vIch/xp08VNT3EoAGk7WfkMhwawqef4NFHyBwfMfwrpyBzxS5xyP0p3PHydkjyetc5/iuu1uAozpgfapp1zOt1pmHPOqy8/Og5CdGP6KV/3b0U1nO71VS72whgSNk4JQrle0Ie52fH8xUfqUtgqnH4KrsXLPeA5ipJAvFatAx+nBSmbl196JGe8/GowtYuvqYA76E/ixqQghoBN/jyQxDl+em+PeEwonyn6NUH11Ss7f9tNSYFC7fJsurFz98ZsGEz+NBCeXYxO/2QbSCeua6efO8qVd17hYkbPe504Z3rnvMYHMYrilaraRxnbSwjWiAS0hDo6F7umPzwJNA03c33fhenc8Rdq9qN9VHd5ed3cE0dSjb4LTUAPr9XJ89i3RMK7lGnHJNUB45QeQWrZlME44OGuCiFc9WHYKYSeidOTl08BHZ24FDCqm/8FkMbB+wkfQlPOtnPPG+XnYQf5ugLXqKCOVyhjOg5X5JN70yNwaxHCFrnBSpRUbGMaNprJpefhuv3RXUuCiRoKF/8LQK+FRa8eo61S708cnbuKS9cFNGNuT53h3Gi8WykgglRe1eX3gVIUVN6mBf2FNcNRihmliKfEjj4DNJmKmKWuwiCa4ZFsoJTSWskLwRmkes2dJHFBonRd08aTtfKe0gV98k5LEFE+FzSaVyqqa72VRNhMmdvCLECIC5neiYR709ZszV/7B+C3GbyOY7zM6NX5VrwGQiP66fAUkIoVSNg4713/vgHI0zRKpw/cXiqvpEx+dBqZJMcGjc6rBBNGbozSwZQRpw2T9gkocuqwlF8cnU+Wb4nG5KJT8pmgc/saaBPOxbUMwUTVIxXmNroYaqn7xkqvXVe+Flf5ALoLURm5lUGSprBVezrEnSiQxa2O6hkgZwLRnA9Aa1GP0YP5gFmvYjXteLT2NDQrOh/WqzD9lOl2nacd5baa7nRIQOG7WJkiK8fWGNTW92YdpG2uYiVowlzCltyA0ZKntY1i3Vefngka1xkNs89gQij6iWaszI5+VOg9Ho7qHGfs8QG0APkSqBI60/6qqCCytPv0BFBkblqdXHJirKtvBYuSDQDaYLrUWygsmAVOprAhBGv3zeeuqWyyUJFmw0l62Zx1V0rvq2Fywh5PrCUr1Ffug87sqamSYtZTzemZoLi/hrLne5qik6IkbDNr+e8ah75rGPwvQx3zm2y2qgwhvIgp//zTwAwgjkstclugUFYKKYSrnKEoEAXgk/c4bRhgWkh45qtSzRFCsUeGotz8DCSCSglXZ3O/ByqVUUjBxIM93VhLAsAzQWz2YDycWTL4raSqW9qScVHgiQ+iXz6swGGgIj+6dmNaTac+/9QXIVT98s5JRUG935rtdY7uCBBKtYGsb6fFznSY/dqeZG+q7WZtXb6SEncQAppNhRBUtJq1xHRDY15CKSaIEBDN7bNPj6OBCAvIp0aFl8JSeBRxn9FOAMBmheFmFUmPKxKp5vTpJyWKcOcqnjNg9Nc6XsFCgoFQxKlnC4vbUYOntGBLlhv8pE/KMQvVhztU1c637GOw04bFReikRQhhHSHQ9M75/Kmg7c6DXu5LD469KUJV975TDwJsudslZ9y9pGJzvKVSrApS5vNPZ4ZtCRjLQFsvM6l6sEAAtI3HzBmkwpy4bwQakJQ6KD1FpmjNl4Gry20UFKjHsSQyrXROYAhbBABXBO3BPhM0Xl8D3c7W5r1hw4JbuaccvfR1VZQ7896DOGhDge3ckdaiF2UgNCfrolM5nw68PQu09ED1IRQrGBJATzPMKHA9ZlZ3DJq/bg97J+k7cVu3B6Baa62rGXREIvW+ruuGbMrCULzucP/9M0BrdCyOrgkhbP3k2dewybMAw4L38na1YoZwJ9+Vj8Ha3lCgqpFMJcwSYXZTYnCTl8SWD3369JPsiS33l+YVGEJhHFM0VoEuPYB5FLrfAhVgvXgf3QzfMHhbggQijA0CBRhYngBi6ZmKsTyCRLASq0GQ/0lRMR3bboLBeu4/VIOrCg8C3hMXQC4YCGjTwd5eEc2+GwyBdvcknFY0Sj4AG++ivw/sLsCfCn8BBGVgNO6JgATgXpQiZr4uiQJiCIS7k/z+TAzFpbd7EYJSGOhR4Ci4QYTfe2+tAM0AUrf56+ef4gWODfwWOfbgGrmeh/b4I5B6JSqFd+NN0UM4+IZ/MDdsgqHTU0HiNRUwQgS3Ub0wDWRuY8pscsHAm6pqd+6YhG+vZg9pi7nfU7r3+hZKiq2ELaiuPcjrysYUUPc66KdhH155jepgj65rxxgCXURiswBw2kPgLt7k7h32NF4o+hFK4Ck2h/0X2mcCx6GlADkwH/k+1OtqAugfgA5iOroxZX6gdTWij8Ggy5U1Rrg7cwM8e0FAdcf/Wg7KJpTqKdhXf/RssVdeO+/RKOXZNwrv/ShbE0IQ+gGk1YZy76I8SQZ0rt/LHyFMfisJ98FNbhw696mniRxsqckrtIfF7XdecTNMoMhiQuD7hEuq76i8L0QnaZ+H++Re4ZquILoMWiiioN43RRS2mN1/ipRNCOFF4T751RJe6vXy8FM4aFREpVmbelcvnX5uYGUu5T0dKDkFUv5QR/GgNimZbPk03PeObq341w7ELVr3jiEEcJztltd0j2TWbwHsx/JJqBC4+6F/5HDKvSh5fbiEL7i/1+3o+2sFX6RkjWeQ9yEWTAVaHZZQWHOSme+ALqGlbw1RQaYxAP2M9xkrFpBuxcuMLHcCKC2o3OP8QFQFrqcvub/X7ezi0Anso1Mg7zOrQKbiCNI4vvcuZ90QJ0BOse/QjnmGUEH0cfDywPQMo8qU9LMUIJl/ZSs/S+kEAlk2Zy2R6QuOrLUHieqsFm+WS1rhY/os95oXSiW7qEBK+Zg+a+ViS7S+06d8ddGv8V/B/z7/76j4f//J/Mf85//77/7ndyeUym2LWLswYKOw0+3tv7l23f5BvHnL4hnsyD1SqsR48/KWfbeu30v35H39AMcoOr3Totbw7nv37j/wXmspU6oLuyB2otXZ2d17cz3efFcySpWU6vrW5eVljKeIJ+oYv6i81QnX4rvyPjEpQbESIylS5hh8abb30YKWv0wkPTwhdryAXfi61j7Y/70atAvmpXeh7NpvbhZrQPVBsO3i2f3OFl+x/+7C2u3f1zepry62ndi//+C9m3h8Ie5A//65X539U7myatM7cVWWKnup1sfd04zvhSfnFVd/9aMflyj79T9sfPf3vylTQfajf7+yPu79qtJaP/Aa/FVEBGfuzxt+/b9/VJ5M/mYN0Dw9P/5RmYqydYEo8MGdWr9f3btPmaSSO6Hs3OAnPwul/nQtkAnIT0tTlIW1gSkWCtT1bafJpvK+B3+lJbhu5pa9SQ3bOQf46UehVL4lXHmKsp+sm6vpFWRTkhxsQGiYXIJXykkyWVBZL0eDndz7MDkJShrttfdeI5iFjVWvAEUNhlliBSMl5xDMqgy/rA52N+UNL/QUEtGTSi/0iAgiInpMItGPoawUftLpjh9o0Tzh55gHf7iJ9JxRiXhHBbNQQKUU3vURFYRMjaUfaML11uz4OacS8a6IF2ie8IB5AjDPD3iH1MetvtCPjEUKtuYJo7er2Epu4MHtQ1woqE00NxJG3YEy20q12BQ+bj4cjuce6RNOVL7PflnoIPZVKEI1u+RW75c7LkFldmaei8KHUZjxONHjQLOvt1DvCn+nkSW1xV1/1n9SBfTWHrUmq7rvJxbuVi5/tk4zNX7Y8eUH8QknqsbTuec7iPq7mt7tW+/VHFpe73QPFprHddvDPQQZl/8IxABk67j9PiO7FJdNwXZbFpnmegz6ULmuq3ZC/o3YLnUd28DVDiU/xa14Nqio4jEbeZN0OX5/23rufTKntlryxTVydZ5C7RU9Sj8GERP3fozrkn6XYfmX36PY1q52VrUVA6nO5nG/OsSxa1GellCYXmVHP2Afp/x8ZSCyllsecirsIqiwlj7T1J7Bm59muERWY6+bzo6xE/33hAso3mPKkuvRjvrgDDCPvW8eHg84KwRQ0yc1COGdaqr70ogIqiBeK9EPaPvtovros6/xdVqNu00ZYMBCLoM9wpmBvcYsb1WNcqKSvf/am1oYgT7OMrnbBdXejnG3r0SojFEYKITAq1gABWWMUYE+0Ye/s06FuPHi/KF6VvSlUCjTr7iw4uvS4RRNVSphx5l4eyDXDwRUxqBxacaSlxY7A5TMokSm6XcM96QhKgVUqIVrPUzBPfm8NvztQn9oPtJfR3xnBe7uDcp4XZ0iC3lpj9zMwDbT4STKG6g+xb1J5DZg5mo+BQSKjfFx6zCsBlgFlWg6rPfIQW2ms63Z1Cf6tJjjd5CdL3uVOVN5e/KmuDvbZ93DOwVYzAAkZo+275orZx7z0VqxrhyVam86FOtiAtG47Nyrxf7GXJn5mG5S4rbutbWNIYLLT7W2RjFtzR1ta2eDod8wwKP+VbxMqrHkde+nh3uhF4LjN+rjTpuBwEri5OBh2WfH8a1ossOZ8K62SWYd56wSA6nanVRKSsUVQ6BLp5kKnywDmZtXaWY3zyo/zfvwWm/PH6BrH+dzK/TsPazfG0jAG1quF81zEbM9UlJ6AAqvXqmU9JRbgLdeM1VaCi4FANqUpFn63AdgNx13LHavJq9T8l4raWwgXF0utzvaNq+httX+lkEVpS8vl3XHO3mrMNu5ceewkfHA1h/ksIPyi4E3Qvtxkvn3biO7iOaYn1feZjR/TpglraVN41qSEkxBstICqJuWmfZasoTxp3kf3nW0qrsUVH74zNdYdMcsyaYqXhYxsMTggnmC6mZ7nLSyVvl3CptX1qbcSgtwGZTFySubxp13YDnkmYorbA2VW0xZmnwC9cPZY46wSFTealB+lk7b0WxDgvKV3IotJqit/s3Dgy/+8cFSq486effgUEp/487pPuchZX2Uk5nR+MzvWABLnGM7S1haU4ASBywmkqR0XXPrNRu0WBFDctkJfzpY3ZdMRvK0Cpesv3yaqeqzufMouD/VobjKzObT0JhQLK0pWGW3iuXE7zG2RvhkdQfLvBOFiImhwJvPdG8+Og8mmUtSZXK9uRAF0ESPtelnwaZ8j7m1rhNCjDaJaobM06AE0LbO2lIDOiTreyG2n4wf/ZLz787Is+q13nzs/u2PlkT7AKy+U1fHnofr2xa7z7ErAw7HfGTvW35nV31Q+6XtWGVnU1wC3U65DpUlNthMbyCzUJesElCAusQ6o29lozP38Wmm4naW6gPsrkk9WPqykokheF/cnHfYSqJfALDZtJbfwrs7ZlGBzMIeSMTEoCSmqOy3S5dnw77wsJ2OoAgOe0mFcfmpL4tvb0N27A3DJFgeoAf5ZNz1rB9oY/KHDHszA2rD8JPxC/mVPCNjNX2C99W//8ey8HfBbu50f4+HgBKwxLdgHChsQCDcelDIAt9WS6NUGrYiLHc3W7GcVI5sJqbGfAZ6NgE1Zlu1nW74WabiCqowFd7PME8L6jx0zC06w/3O45u8k71TUAa8GOh2xbku7D6fH1y89d1mzCZyu5QNJlVLzf6BJQv2k3XtxZitz/K4sQcgc1Q0oOA8lThlcdu09UAbuFLM0JtfxXX7y+qsTLC6RF/ob/71/oOlAbsCj1sNHm4/A0o35JrScPV7AinezueWiXmB6Gy+SCyL3F5mgOonNMaDfAK/P8dEUIc373VuvSg/zffJVZ2U8cr+VA9v3Lzhw5+lzeOVFjqUk1+gcvsOL/UTCm/dyssoNjcjvHtQ0Qjv9cG65XTdpY56/hj2clWcNGVx3GfA5b4VEg9tucUku/KqefkWRzFDUfEr2Z/TNGdiydL4WH9j0/79ZR0/JQtbBCFcJnvsWcGPYsWNSqWZs75ZiviydPhahDsVwSEeu7ea1AuPbcz4+ExTCB/qcG5Yhq3lJ8TlpY651YIWDqd44UB4nbEuATyPAVy3R6GzhRgX8cIGYMnqgYRmIQvHkQb6iC0x4i40+nqxtgUcKQPx236KD+7bV5epsb+sU+2dwnp3twhAoYHHq8vPHTRmCFSEXeaZrIg/jW2x5I17uYN6m3FbwmUer2LXgmi28GkmVp/KrKvP81q/WDBPufoc+4I/7SCn90AhQF/dgdjvwmd6aGGsC/khApKrm85TYIV+mnhp1wqC7+mm9obZsDFMC/Kr3wd483HN42vRMGJpZ7JWG113m+CFneWHowX1XwqIRBSK4FXmeKzTYbZLQUQ2qIvps+RNESisIzvs7ak3BVEV2WEVQcEkiSxZa8OnmYrLfNb3eECQvykRLRFIB2YL6M5ZEgaYp6zM5jItsAgWbzqT78bZSSARgcOvm2e/HjPPwsZpvjX0bfc53uz1xGYYvL8g+J4OXTykWwnTFAvafh/wov46XgIay7tWkZAxx9sEgQ39h9zaXsHbKUHh5Uw85mNJS/vwzh3To7a629CyFHFAUEqcDXu2mgilMh6cNmRJ7hgooFLh80wE1uBoj+Ca1UUIVc4hpjx1xdK1/dw3TI96v7Um2iTf8BW3yE6bn5KiCWjECZzmWBIBegcX7HndQWtqnZ+ab5u2uuOlLYJYxf3yIygh0sVnque1/S7AffpVhKrHALeC3bbGJovXdqy1CpQxc/fneNvf2OGlm95Q6PygYyNEO6ppr/0Bo7lsnQcppduUpeG6tVMOrtsLIEOh+ehJfZ4pvLA5g8XpvQCFpT0PZn8zMWXTbWEa0KZD7gdz/eicGi+orfLCiF5lugX7dHW37b06gOv2A5BRVhv1V+R6sNvk7bptYczRrd8MuDpnWGfV76+LgEmFNGygVFBQ28a0/Q4AvxNVxr5ObusikLP2MF4ZRGRZese+KZsNLFyx1faQvPeaDRCs1kfJO6fROsH2WrI6ejrN7cN7gzKc82own+jXpSvYfhm2joPITpN3Psm8v9BS3jbBtLtGdOY9Ant4JeWwUfnh+Kr/AOxjlmsHzMPtzyF186A1OtkECsjis6SddF7rGhcPBwWqrAmruOegfK91U/720UyXgPEWd+EtwuISAxc5WLCnc/xY+CQ0t/F04Oo6ZV73XgNxKtZVoHIF90Mn505qBl4H7vZq9V2pdixnZ881zMt2Hpgk9/37orKdqz6y1NGU+BGBk3I9iDIEzm8n5xKbepQGqrLSG552rmpXyXWXwJSOiZuHC0YnDlR2epa7ga7m61fvQNVLUIa1Smi63eaOuSlGOC9kdztGFt2916vBj26IY4y4VoGCaX2M0SO40E9KMKm2qa03+EL41vooZfRdXa7vM1t1MfLbX9jvfByjF2bRPBRUYz2Qc0XQ3UARWwDmqX2MEU3j7RWk/7sYJZAe+LhyrWlMeAFWtFFKGW2jCiOi33nsfYxCEdAgDaT/jf5Qh4j1uceZOL9NEEKJuGhD9di9yRSUUUt2VXdubFcg17cgHpWBGku0C/C3/Z55HptuLJuHibgjFR8wz33VQOmCodAYpR5odEDEOy3VTG6b0p3sanW3BlDdDvffN758Qv4emPIXsQX+bCPhf5evG3+3MAaFGzD/OTD/Df3nrpv/mP8Yruj3L8bd7969f+/9Dy7CXfvNu/eLL6oP9AW3M6b9ppin8gOyovpA69sX184YsfMmEnUYtKY31bedu4B2xmR5u/uGmmK+1lpLkhzY9ILZGWNM1u7s7O5fQyALxX06OVLQUM0IdxHo3HnVotXp7u7tv7lugcwj9x8A0/oeLGlkhT3ce5IQWXtnF6q6Qus2UzQkQGGDRRxYeSA5aFCFIaLjDCxogIkLBzeF5da2EiK2O+DDh2cVdEwCD+8qSpQj5j8KwP8pA/Z7cvfLX21/i1sa7wKgb3nlkz/98+1vf/aLbYzX76/f4L9XmSX+5V9c2u3u7Z9vadwsb3Hf8hqz/D/81d9sdftb3OK4c5f3lg6neVn89f9Kj7a2pZT+eovj3qOHjLvf3HGZF8ZWt0dniPbu79bLe5nHjK83x9P8LOHRGaK5/96aWWBHV3jz4P56mSj5Gcr7a2XY5IM762Si5BcObDD+8Os/PcDs3+h3n7Dy14f0c8R/pD93n67A11/5B9BF33y+0jj3IK+fbvjbV8lDt/WQXX2dVoIbLC1g1emqUImDIz/jx6KSj7WU2xJtf90JDo+GPTfPxEPnFiCwMPpPnzxehzhylJ0Z5zVH+uGb7+07K8BJr7ND29GqcLrb6hIX2fdnFlQPnwyGQbu1hXMbBU2vxm3c5tOj0fnonohH/Sf+MYH2wUsGgQUxeDYOZw/pAzSvzyLUfHjq5Zrj1Yvqy5c/vJMti+Nep65bJm/X9QrRS46gPGZafzge6HRGZp7jqK+1pCsVGuSIkWWpaZNnAe29lpvE8e1tG5exfzSZhtPz8LA/euafEAJPx2LYdyk94nHxQIv5lOszPyp4EwUwE+ZUOLVcCbh9bvza4+cfVV+8fJ2yJRdOT5TaMZ1DpbBiT5uL8xpS4DUkwEipUkeKnjx+Oh75CP2QT2bj/lmti43nAzXy4Ngjg4/caeWHQTKqGVTmVP8soCaK6w2CdkUssx3q0S/OhYxPxZNns+nQpZRMjPYpwfi5HS0IF9U6IIhZHguzk8G8QA+rCTZr/frjQ0oBheZym5BipGe6p5xzWHYcHlecEEAUxle8Elgp7xWvK2E88rrmmwmj2fOIxGKcDKeN8ZMzwlNlVPBWDQg0t+gfakKDBp+AnEUcB8cMtVUVN9Gg0hvGDVOfEqeUTu8+qndctg4Kp+0fQStTu/ekAm89lNRBxieTWdOnlPrjhskH5ImfmOmAwLE7CgAHCs4lJi3HZDiHQprDhoFJ/vxZLKxwdLZgOM7JDszd3Py4EAXX87IH2a2Xg+IZfPndD2kZ3K7rusCNgoC7e9Lb6bRreVRxtZtkcrXix0nKVNdp/6AHKBXf5aC7T1CGE6Wms0ZUSo0HBfpU1CwYAIvHlx49n411nNkhgMLG2BEaDCib4UQ9U8r3GVlxT0Z2HFxaPtTS0LJCLbHZnVN8WRmv0FivzfGS1QnaaUmxxDTrPOYjtgB9XMYQkirg5JFDyAe3AIG18cByYyEfwxNBxcOzfkpPhTHZqF/U96ZmEmRKOnDOPQiZEHwgHCB8CFo+pGn54AmFoGGjn3MevGRxkI5moB0NNfCh8B7uIEMIXMxwFIKGuQ19mFntOd3hSDH3CtRCpadzKhnZXidHKWTw6Vff/3BtiYQogBa/zNtStszO8V3RMcbW9Ul1SMKsxiaicjUaWRWrN84m9NM5mhaBwPmTQFw/eLp576kOI+291ICD9MF7yEp7VseOBwekOLNqCeTPVOCBe6qRr733XJD484BF8HQOGblN0sNchqHxkkGD6qfU4PE5x647WRHP6GIjRxS6ny9UaY1w7Vo1IBGSS0UuZFlIDMBJGA98yKa3LDA9FbA8eSrT0DaMeRaKFp01QiYZhmMxEaNBX7oQo4kTMdAA3ogYpB/EiRKjIE30hEIkUeAHIwHY6CQ190KJyHWiGAz6NERwxPwo+uA0jyKKaT5T49iXgcqOdjxGkgthgkw6eKFU5DrEyHXqc0DDBJ00yDbJlZZngNc/vCps3nbfMSQs+dBXX/3r/RXgdnXYwv0TxduNvaoA9o58RVBzEdDkO4dCNuvjuxsKSUo5KAKhn+RDPzViOCL1O5lI2JgYYdSNPFcxet4Phmbl+QiwohoIDeFpuAURx55kMYUhaSToMPIm2hyFN5rKA9cycW+CARwSjHsSzHzkC+hgQNVTS+fNSBGqKsjz6s6z0iYmqQXm67rt0pwOQspqYRylDyiSTgKHqBjDcTjkCEUT1sV4OIoidPqo+Fw87D/LSU1v9LyRm+mgiAxEn+STSJrvtqCkncJM5RZ9n8AXBJHrIRJaU6PHuZ0VvoG+7waETLR2DIqpglDMJhwyILw1Da611ikIa73ui4gYrTE2IvcjkNuoghtGGy0x309eWRtjFIGjNRpkCWYv6QmV7SnXq8evv//iswVsjpB7Cn+zChT/lyd3K9wxu1hAI+koOLStI15XnUYSd2rfdocbCylBPEwFMtBhE8UTmfxwSig8F8ENMMJW/UQBVk9l8iMErEh/oSMkfGK4xeEAg8nM8hQEglDLYpz4MAZ5IF1RY0RLSFiuHVcgr74/RMu1NhayM94FGxGQGAd5fne7rIrniTOJkTBLWKHMpRxEcSHSshSNeBxEqi8xhAhxwLB6uFYMPmDwJSnxLLCadfn4kXzWQGHt8GGf1OeTjNjEOJpYOy0ibNYwOBkPiRtEbOCw72NjNipKeqNF3rDTOJll9qkbFAyGEXNULkysVV7gdFAwmAkvYkNxCUDIeW8CicTJkDRXhpE4T4LJTkdjm81835DMCkJ3AAmOlIfgxX/Kj7FgJ/UkI9m2TRLBZ+DwB5xrdo6wW1+uxp12MrXTc7stI0+Oazy8A+sW6dTVd1Njr6prkdoHGwyJCZNPJ88Njh6DprwQaGZDTaIuWmtMbnGCWRxLOSSsCMOhLqCyycAt6/IivpR6qv24kUU+nFkxJlmYiFF/hCQPETQ5ctPEydTk8Yke2mwSn00LXjkOtJpm+USoTE0HLiB4fGbGDuU5dZfzYEW+dt4hopvAIFQLkCpqh7VvAGLFfAisWUfvEyjCkdeoWFngAeBKeDIeDYrF/hNlFImMxwHNMy/DxNhh8E9FIycRluEohGK1nU2wUTzpMgiD3PvgpcjihFME/YB7HUa2aaSKjWeqH5TiKjbHwQfS8qdgIyJOB64/nuU4zXGow3hW5MZ70UDl/dDmk2CinRrQYWC0iY2x9yFIgmCsjdwHgw0VCswED4TpWeBKo5nNM5FeUfC++url62sPVoJW02C78KpXuPbRbQYcAa/rE9k+2JBuVnQQFIcH8VhHQyLNoxWBRN14MJzmjalXHs1E90FQ8ogzEZzm2Bj7pV0WbWEiOG5znKgMB15NSFyFQOVhFsc+5nY64sbmpLbazE0/DLgmIEezZyooYc1Ih2kWxYCLGMf6nLqznqy4nhqYL4hcLKpc8SMuFUMHAD5jMA8gkIesetCIJNYwuyHS9uv2TwYJl6ekTvfEmmdczcxIgiT66aEckvq6irApn8a2ARoG4KzAjLQRnRTNqZEUQacDVybaxlCPbMNr57Tuj6x5NjSm2H1MYTZVSgnuNFeNpgGtC0/Km8QnBv1wEIvduSIR53SRHCisJiOunSPgRZYH0pFuJ8XBSYnkwjNjzwbGmKYRjCXGbh/6Ymuy22rQznYOjoidVAQs54Aj2JTOUM+9evxEmecDHsA/dRh1XsQ40ikUrPqcMOSBdByGYtnGYUrLumZEi5awHGLDGBJRIeaKg9JJcR4iWuVjhiNNCCHXBSLvS+cIeBFWQTrJ0YgQrJkMnFTWCH1+dwPrO9bBl/WOAh79Dm4XmTB4PgZBiFUZRLUiH/icpESe14jTIekhGPkZmoek2T8GoYE2EhifUnIFDHlyU3pEjisoVOHM9KlMTs0KaDWeTBGNGfpRbgm/RMKlMUPEzDCghhx25stI6qIcnFQsIJU1OSJGA6G00woz78Ikmqg8dAORTYNLSYuGHRRQQZLizga3NruRVL/47odmw6wKO3kPoVSBdzcyJBPjJ0nCEkSZfGrtc5MjCYDhYyoyEnieB9ZEyGoaHJ/kijuAoU4pLbmQUpjYhpkGSWOIIA/RAEy5BgUWJwGfTcdcA6iJUTolF6YQsQ8fn3PpdgFopwEv69Y2cZXoTMEVIyNmL7l4HQiXfi1waUMnfe8FHQDQjPhsDJ/PJiRKHo8QAQEmZtYzAN0M9OP1hxO0jelQ0wAVjmkeESPB2CILOCU2GVIQHHT6pqQjNgxyycYUmAhDJjSpm6pcBAgLQLbna4mff1x9Dt5gMitDtZe3Dqu7vDpFvvHd2BcQBUBBD2wSFsGQwUoEGHAAyMBokU0CHGpJ6iMmsz5R8ENk5IHGkIA0GpWdGk1gJlYshnPsWjv6Ec9zxTBZqxwFwFoFRSzQREZ9iCrbEkcMPlbMHqBkEeKAWULr63fJ0uOoZrkZ90krYUYKFPpbwWKD7WaC6neR2qtJJIV/E3SxD7J8xL2ykRcBCVwE9Y1EahSmD0wnGo7K8LRhyALAkBrQBTk6NqTW3KPCAbWA3CWwsJ74+IuXr9/JzOpQ3z1pGyd7rtM6WAx88zoBnR1wYuHxgm7CKVZ90HqjB+kkUCWMfuHdUtLcZsbgUDOdoPIg2ZCaGxLXwbAdbgYn8rKNCyWpCbM5JIpDmcpGrtVHPaJ2WK0dabOL1MsFKRwq21YpqxTwuYQagmfyEeghMMYOJDgXa5Uk7e18KFkue24ENiZc+xCcHkzM1MdsJoIL44IvF2bGnR+R1cY2wPdTfGjh+C7t9bzz9qCtOSWbSD9C9M4FBXLrUl8nJmQIJB5n0YBNfAMUgWQTv4b44ZuX4Dq5VaK+e7STqVyZtt/MSAsArrZPnXNOazcP1GoVaFaTXAXYgGwoLp3kpF9vAYz6DlgQpKZpJ4FgymFT3zvnkpaJCem9k4NJhgBcNFBJB/uBN4BDvGzD3KfoM9KcDkISZ6ZhOhVd0VioOsmFSFQiF6H1I6HxkH0jM1GthFg/DnnWx18BHo5IW23o0qNneSMjB2nZJ933o6FAEgQsl005F6RA4WNhBtESZxvkdB0WlMimcRinqjF0HBsovJ+oAbcZxqEx0bMS8oUNAjxNNyPl1RCziSetDKtGxvhoNAumb8TImImFrq8wI2cEbT7zev2QXSVfrQonB8d3qavgD6WURlR1deRPQZGDRlS3ay6k4nVdCY+cKyPopNiN9KWTzly+iAOnY8acA1ajWSTL4N97FAOuRG5EWGgcHqgq+GG0YiTIAaLAbMRDmLDywIQ3JC6FnQYDdyPMSR+ySefezefdGJTZxVgXcx5eqKLezKF67aqoo3n+/7o4wTXEAtD5XAW7FAFay86YQ/o4jt/Z/42OZ4/BtGEmTwuQQTrP4GFB2Ya1xpIRESzXnHLQqBiaSSMnq0fgvL0xJkPfJ4d2W5gp4MeoSPk34X5EhtOgNWpAwRiRCTPxJFx0UDaONWk5CCSn70xENNEXUUahMeqPZxkhIwKPdqjDGJWylsSlYwGDO7/3sQGpcZBSXTvGy+BAp8Rg4+h8NKgeZM+nlpxrWQSk89cSVjgiR3iuUwE5xLxpYxQWBzLNRcPA8Tx+YnCgFWZ2QAZm5HHiR9MsxynmONRjwUB4RsioKAI8bz+xWcQIqqznHZuXgL9YGoKznTizyrX3KTj7m0l63njq/NaNC0n6buMhSe5CCPBRsFo+mhsrFt4Z38fmCRl71ycN9WdgqBPoxhGg+8fo5LilLqgZ4YRrbaz13FtEtL4vRR4pCsmFsUW0CnHgpI+AjvHJjyYImAWAaKn+Hm8RDtgroAHjkLiwILsDrawl4BaNVoC44BKwSJC6jSElLVAQjFD1XUm7X5UcTGbPHsPz9gQeQJNOn8KmQ+IUwXMAQaCHKiemBoaUN1SrE1Al5/51mgNyKiADPMcCZ2Oy16w50mFiTTbRpKOvsKi4hpdba5Mj9yOEZKSPyDX1MOA4yAIZhWfnEwDNNmAvLNqwZ2XPwq4bF8L7Fj5OhgsoTNw7Z4zH4JIYSMBrSXHxIUAW2gdIRgevIQ2t/VPAipy3H9AEpQ6Egg86Jakp3oABzQzwoUz74CErL6UOnHtN5TYABgFyJhwWIMPIqQ+eTqm03Zfu8VM4Ql1zBS9gUlymBEZgKMX70nPlZdJecZ9S4oCVh6yCHxcb6ET9CVwpRV3XFAhlJiHgQ1Aq6KSDUkHqoIziMnmuQB404aplkp7KrQIkYQY0lSdJPz4SPFzn/b50dwAfHB9OASr3ilebZ3pfOtbVpUwu6ZGkeSx2iJYyESMJPZZsNi45BjVWFha8X5Vj50pCUpLOrmOykVLOf0zmPSQupdKG5P7OUfFAxwUzAFyi4sglik5isHIODO2SrIACTOnMuAUizQEGdJg7+VgSElQemMED2Egtk2NmNNF5IvSpfysbBJ0ab/K7JwSitt03+Do7l/eZheNz3trvM1vU+WdjLUvBfWa/8BRPzSP40Nn8fdqffRuvnkuMirE0b++Q/eHoaUqbGH9/deX2TmN5+w76Cmf8tpj6xXIc62//6TzeN5405t7iIR9rvYnxI/7Z527V9k3WWHv7+qf0LbFvywUMUy8qfg6dfKzl72F/PsT3v125vWquP7p///+bYrhVEDCJL35yLn8OzMO03XBvrUwUPwcmW7UtfSq/v07RR+/59Mjit33YS2X0JmL/ffsKS+jPe1ozk+vPe+rVTsqI6b53yjU+/CM9wqeQ93vYN/GdEvpz3fZurpnJNby8beN811t7Hcb46GSRXAEhX3zmX6Vmo3yimbXXzEQbcdPzcQwXdOZj2j1HzwGcNA2PxgKU+tsf3kkNU0JhzLq9H9VFm0Gd+sTXG14mgDZx2a6RSlM0fheE9+7V1WRMqcHm+L1iZZvJuvMwIyrWt8GNS2wgpswhHHzGy3A8fHbTxnPTmAtBAECzoo+1OiGkMZ4OgYwYEiFSeDTT97OV5kIQqmdm007dOtVD3whHkz8CnTtiRl4eXgRHLgRxGW5jcAIpOLPDUjKSWiVc+5LW2ap5nt+j4u+2uG15bHV75OMrEmlivLUAYJJAHGw1Smmv8hxs/fkc4BbHX1db3fZ+Md5yTklLJkybpqZTEqxW+mdi69vWxl/Y7W/XfXsWANgA19Eidk/Fn+D2N/PJdsaf/fn2t2sepl8LBuVQzxbN8xTCJ78oARa2McInvywBtvYxIzrftVamCG2LQW35tPp7Nz1MpwU6KyeEk3ojCi9jcp/NQL+uy3whp8psS+PNWTqy/TlD9/qamVzT/sc/+peK+SMk3Lk6kyliytkHgKZfhpp/3vDm/prNv0cUcbwtcwGw06DYUfoC8LMG8ArBr8nS2zXgjp6k7Zz72cP7H6yP3dZBHkp+f+CfzGyG+0+a/zlhnNKr88iWRgqAvnQ32Q+/tatH8zq+Uut9Peyv/qME2CfrBvji5q4UgKUobyeXffnzswiXb0O97jqP/MXl5Z9v+fUr1HmkmbKV4C7nNzjnfJWoKl7XkrzdezP74v9upvlu/oW19vJym6//89Wh+u3rlK0AN472D7iUJ9XdlYHvdWR1R8XmPPK3293+epW4+uXn3/6QLY+jbgsIE7h7srI/NzqmV90J7u9LN2P671R+lKRMcguv38/n81WiefWzj1588e2rtCwOO/nOXq9u2N0bt+9Q3845qvnvHJOJcw64A31U1Z7OeYTxKsffqXz1848/NC++/P7V5ZKu7Q5O8XCnkZ3Ud0GTn0qJV7yuqqqqIZOaVxQr5ZFfeM07fcKAF8neB/XF96+rbCl0/N3bNw6MOr5THUowdQcvsa5PpEezFzzy2hFCYj9IVRUQUpVv6AfgXK96QV7EviUWCO4QnNSnrnXMb/PTnZZ0fA+xjZjb7im/rdqEA1r0Ba1dG6oLL7efLDS8Vy/q7/55yQXZyRzexpYCqFWBnjJqZy+Z1n4BNKa928uNPr3NuybcuLBzv/ztt98sYP4FJAYn8/Dv/3FvUXTyerfbbrrDG/PR0ieV38m61QcnmNXmFPdabUFwged++fKbr/x8/+WLj1h/ql/8ZlEcFqm3lGnu3LgzFyYJ8iv/m0SA+5W7K9r26ILP/Xt1ZRF7Tb9cmD68+PTrf72vF3at7p7ExbBb3akraToAihBqZwAXe6ubIpu3BFfDDb96lZbc7caeaR1Wi4EviovI3cAHDuUyNZbd7biT79zQBfziTjDdReRuH3702Tdg1gTLn7ffF63jIqFsr7pdhVZ+0eo++vgzDz7ePSsAP87V/o2qq+oDwVsG36rRfAvEF9TvUL8KkCmzZenkxkHbZLlqqSWcOLyIdNX3r65mzcby2EnHZETtQTud1NWea2Fnv3ZFMRKwR2AwVbdVpw1QtwrXw/0LRpdVqbmS+1vAq2LqCnyD6hSRftM+YMXrmnOs+O05F9ZUWNUbDw/dGT6xj/taljW3oXQeefKUr0McufOq88ga3pdu3qSanKvrmv0NFrlf1WbCQ5bJJ6EvzwphBGYdO6ecGrxApr7SApHHTygRBvpMAosG2sPhZBzOHtpzeg6FZ3EQ8wMVdKn8vd8f95k2ejbQZwU/e+4pLQjgjIngfgvkTsuzgA9ByzLoHvrRZPw0peS4UHCmcwMhhosG2nrov+GNmABjCr4Bw3ElpPlzNL48AoTYOAroR2qax/4ZAUwjHMx/kOBJFMo9VtGzdB4xVOZM/wwmhuDMdMJ1GXQPyYTQgc4jo9xSOo/McL11HpnM8khsjs4jSoz5inQemflSicfjfEaZPVOdRwYTo/qj5wydR8C8VikalHoE0MbBMauEcTWHChkbqHRJdLPG+BGt84ikdB5ZW8fSkcCw1TxxIDrdSkj7yHWpxOCZEJOZeU7cmek8Qh2QltV5JJ9CaU+YOo/4iGJJnUccpKMEDDU3n135Wv0UCEeQ+MQYUywCPTi8TElzerJznnPPlQoSANCQjtBSQabAA2DoQagFRShIBoegHWHAlZqn84j3XlMdEZpzrsQMx5xrR+UWZlYHRiYCocPSeSRwipGksh10SVvdfxLANPGfhtAPxAVOJ/Y4BKbgJoEH7bTnwWtH9SbxoB1Ln4DldR7h1MwJQbZ0CFBHAooFDyAPPnjJ6J0CDNg6jwRO604StAaPT9nazZN5+dM6j4AZQmdjCcUZsUC+EceFiMKqgSaQT0YTwWUwgBbXRggvrBI+aNDmt4BNkt5EZZUYeOkVYGBCmjdP5TASQLEfMREKrZ0qEWSAuR1ox4XwkXAIOmnC3IpBP0TBNZ2lEddJexVBtk1fbkLQ9XetUvPdNGo0FuDpTJJIdiLiEEwQOiojRFSBe5pVUBGwggWKbQi9rI4EcQz2d3xENtA8xigwQxFHWgYTSa76Mqk4Uh5woOJe+CB59EHKPskzVB3Fj6JRUQgfdMk6b//4Wf7cP5LjmY0KijWBoySfijxDpOQbicZkdjrqEzyJM2W5HkaFGKn569oYTQQEbUTMrAhgutgWgXobw2kWkRDTc5wMwjbHPkzA9GVNwW0awji3iNZOeRrOYH7UOKQwsTNEWucRb7ARMRojeNIqI/QsaeKsK97/YJ2MvrlQKDhbVThRWFpwkwFgYG2c2tzajByLKBFQoujLRAUqwy2MILWWpCzDgXw6gdKeZNZO+kFEG63FsU8RMLAWB9pxIA4KEh1AUGk/QmujJTxcmMLHwYogy5V7PAKKX4gGjmfWPwTTtifhYqejoYgZcgArxsANIhqr9JNo0CsvFMFs4gUaQhAnfuCnOSoHVLoYju1kEGyO0URkzVMZhfd+GCTHxtSTuYQP/CQvWJr+iOSWkBj3CabjiJkFOo8INRQMnUcIST/N7VgSzCZjRWLdbUAdgAmc88jMCqjzyJAES5ySowZU+QSU4yimeRxLOUI7jQIIfuIc0P0mLevALMMNKScyJQbe2rGHzvQj2ikJWyANTENNxYQcn/TQWmHihNJ5xJAoLqIrAxFNQg08PrJcuUdP2TqP+IAmehmssco/DpHWecR4r9PYzqaRRALUeUR7r6VQUQSKoOfBa29sA+o8wrXnPKjYHPU1W+eRLMYYQZUFsxkqO5ABqArhg2hY7rWidB5RpIEwi5TOI9r7BOeXn1kfdH9A6zwyJo3MbOJdSZtnk2ShSSQzAUebvjA4pAQ3GZAyPyhLJhTOh1NK55GB9yMEFUZFgmJpZ3JEoP8GV6A+MuV+IEB9MkwNCC+EOo9MBmE4Yeg84nmQBCE2Zp73+ZjSeQQjD0CPklLlwAykp4OhnY3Ac61i5qm2XnqYaF0oxsG5lKI1lvwHzgrkQHoRME9l6ZKidB5Rw9EzSueRoXRJAp1HJt5HcgSinRJCRO5kUJkx1vep2U5LPjEYvReYAf03PKXzCKhwjJVPjqEXQ3KUzEcToyidR9YTO2/WzOj7u9MVW+eR4UCNKJ1Hxn1HzUi5T+s8UrAiNQCgB8HMuKVdhnaiFNWMNAZHDJ1HgMYAAyVYOo/0KZ1HChc0pfNIEWIhucTQeYQ7ya0RumyNqx/nQOeRAdF5JMYZqoV0HtG0ziPNqXLw6GNQFREApDahhOLwQzFl6L8xY+s8EuMcnUdCYZrSeQTn6TwS4yI6j/THSBoPXK+dziMTWUYqXytP4BwJPEMXinmCm8zXhYLBKjhuV6XzCAcnjVx/IZ1HQB6AxBgsnUc4pSNKYug84hbRf6NkuZSKLSakZkg0vFDKisV0HtGwILKzLI49POU7nTVwxNZ5JCjMcGqtmq/zyFRMlFBiQEFwqijQAAPJRJwIpZQY9+fovxH8BPNMhDmYNBRfd1C6zqzPkqFzLhSeKbjJojqPRJpVAoLdMEd1aYOZX2iTJCXhMVfnET1EOg/jOTqP6AGJNISrzcQqnRZB6XJERCFrxo81n5qcpfOIfpTkcK7OI88j6B9KUmrNxSwDhf9AJznMQE2etNgpnUesSUlqDRhoCVXsmweQT2vFHJ1H+hqQnKvziCRt1DhgLSTp1wLeldg5j1BqE8pFdR6hWZEmO0/zdB7BpXQeUWBhyF4QMAt+rs4jfiCinQZDOZ+SC7iFnJdzHnnI0nkEbFJEFSl5FEvnEdZungepwdMec6u45IKh80gYUzqPCJ700HBlGyK4lHzQ8+C8sqiAOBR+hNGDIgOH2jkd/DydR7hOwUeI4Gnphozob1hsUKeDgIKbOL+YziOwZQ7lOAF9taABOTUWBIrNp2opnUfA2dspTwydR6BmJNJrNnQITnLB1HkE5r0x1mXOkXPkpoge0E4Hg+tlcZqO9BEA5Vzm6TwSBClQBmISR7DTxjasEmpmoc4jIgo0Zuj4NMOJEFRCZEMVOWOTGGM03IDTdPDcPunh84EkRDacDJkLxo8mwo8tU+cRBBKq4UiWVad1zIF0QiaqBXUeyaMg3YNj1R9ZWucRQXqEh15ljXFYNCHzNPiYCTNu2Nj3EZAPk+w5yIPnmolABuGYCUPnEWupM8UmlTPHFOJDPC0wtLTOI0rMTGFEzQvHcqQPgE+gziNZzO10SOk8AgQh0caqhqJ0HhlNAR3B9bBgYKMyExoGmBorINmMmGVQ5xGDIUQkG8/XeWQUDSEzhjqPUFky6ANb55Fy6dwACm6S2wV1HhlMckqOk6cMGRHc0MaGyTMTpzyl+QkZII7I2E8yHEiFFhU5SdvMJkBvoTiNjfk6jyiSMRzD8/Z8MjM22gzHwQUsb64Y+TqZghLk6diqARzWzCMYOjuQyfEJRcaQIbFyMFGGG2WtVUYDncQUoACurbVWCWUHTgIOlvTUaiMsIOllSonwUcoqO/ZK+eD0QNioNWAcUgBsVeQa6k6pQZ65AGRCAo8Aoa6sJaSTjjb2CxgrfGlzTyfPYYNezaDOIzOhk+QCY4yoBlohKu38EFzhJEU28VIPBEYkrMw0p/+VAzIxouCaACcMcDEDhmOBCM/ezox8QmhOtDaKpusRhJrBKe8bC8iEZNByTT0MUEwUFUfgfEQUpcslRu+c1FpLBhfvtQRsaDKEFUVOau+9llAXCu89oA3YUHmgmQGinqYA+GgNuGlWNqDMqFomSXNkZFZrmVhk5mcpaa0ZKZU1p6n718jAlsxE+wAE1dFSw4DwIVDhwWY1zulrpykyIXjAA9BkEQqBdf0MIO9pPRuZOfSsHEoNycgEyFB58vTFNzDrXpaw+9IxnikpU1qEg1yI5GMpWTqPzOMt5xJ/mCQ7P454dqbZKTEoslOieM/J0gIPXGkDIwTcPDa0tiZLsUp90FxjkUkyOUY2lr9FmUtSMnM4lyyV7YXy5ErAfWY9nvPI2/o8GB8+Lur821rnkeYWBrlX3TZDe83G23I055HB8Onb8X3jqRtMbDN03ys7r1vLYynflu8bD1v82wvN7r31uiJWgX8OzBZzBdbqBhfq+3NgtpojWKf7VSGTdYP5z8l6Hm13u6fp/N12twmTqeZ6uruFaRgWt7vZlaL5+oera+lOjw6k1IHtpiqHOY9kv/Vfvbyq1s7dPdxpOyfKOY/QlPAff7L97Y8/WSFefvaR+wZfq/Vy4BeC3+mp13ZN/qQUWFjhwsvPP/y5L0QbfZ1EQ6wR9ludw9MQ307Za9YoK7ZCR70X+z71r66mxlqhe1L7lxA+2fZe4tsRf8UOECMyKqc1Qzmf16qCEMLPX3z29T+97UEJ+OWr779byL76lKnQqv71H7178esieS9lLmKfsV65Fh8+iX/87sWv+/eqqq4u4r//7EMa4M24ezG8urmIFauZ797Z373trVaPF6N0D3/1Orvo3o2hY7xZL5w6NPLZh+B1CWgYs37j8NDIF4zXGWK9XNuoFhYxr16KKjXX7zq5g47JFBYx1dW0lte93zgtDGOc+/vS3SaGMTbDfemQybrB/Ac+3P7AHbHJeimKCk3ur9d8PZBJ+9p66X2MTLJ8vebrAUyMMWKdzLifn5cjY4QN9sRulkdkK/1esafbsmSnTBA2mP30Z2GjmN46sLJEGQv8SG4yexbnxPRXWwXN6l//rVTZFepR/7DZntR3XyMxDWqrOPHO1apMWSafK9UmC7N2XC1nlPTyMpmtAiNMVqYsk/9oo5QRakNZWlfOzidalpjYJJBYpxn+eqXy97wi///1ppDJWpeTwyYR5cSIciLISTinFSsYJ5ex8p92GrEK8hcrY7VYTm7EGsjZxTXI2RXNSZ0klLNLECev4w7krAvoNEBONTZATrWATolxUicgp/v6JqFAzMillFJ+VRP9ebnzgUatlTqmw1c1KdRXIT7WixFrbQz1x69qEle/eC2stfbFzpGq7vRlffgK+z3vFFaPX9VkFK4LeLn0mH1ZkxHdwls5L2r/pX3d3pmCw2WQ2Rc2mWNfcbhNX9z78MYrRBXRfmmTVX0ZQgh481/e++rdVr7An0HRL26S4Ef1VTU6+/ImdBv8WbD96iZrFVXl7Wi/ekkopVRu7RVrW/OtDcxvw9vmOQ0PhAWmlFLiQtMJbHd2uru9vX3+pr4WrhM7/QNgN2n7J+f+/b+c+8eFALI8kxjCXtec7zmZOu1W/vYEcQWGm+4FEHAk5EDQwbgrfLQR0UbAgbZQWA3jLDgtYaiJtxYnrrR3wAfhqSbxFGOkShD7bmHvEbtX2H1oD2jjJCz/lEylFajc69oWRhU7p6DI4by3u9NpqbcJZMzDCH0coY4hc0MOxhtc8hp4EGeMKKthlNGHmBDoAgeUN6rsO4HMUuU0xstbJKKoUoMRPjUVPtZe2ss5FvW9cCCAThiXms6DTKm2JPwYJU23087LOmzLdeodKXWPk3ijwu3efeahQmoJLSWZZFrOCDVi848/Wqba2st4SgKNrmC4VraV3AY8gIQ31xifYyut9ZyjAlUDQGaV8EDKfWJ70P46LISYY51j3/d/4OeYiDHGOQckEIEPvJepJnH3hjsQdLkoyxCZbSG6ThFu5NMNBT6GZFKCsoRKaYEKYIwRKTshnm2oEFhEuh1JB1lKkpEVrUHmQKhdLwqabse1EPOsBDtlEds7oUjv1nuMwwU8zMOK/RGo6IXQc8EVFhzDFqLxV9tjERaOE/Yh8ANSGUWMl6QwYx11JAm6N7ukIanKMLDLSbQxq3hapkQfSmARwrJjsF4IJZRgmaK2Uwwi0Csl5hc9rI9GVpKacfiqQajt7bTKr2v3rhUxRkWYrGGN7s2BZFQQqHJDu/UxDUoaurrBJaikguOYv69BzF3aN91WuQXucKrGeO+B93SpQtcSYHmyZnYkBFXiIDIqlHWSmmpIgE07eWl1qr1PDiTS+/vv0U22A9hNUxhVMVhn05R3oGZxeC3Aaut9r1N9GcNuq6wi7/JQPL/gnzadHilUGEXBOTGlqJpFTSVXX2LgO3kpdZ3967ckY9s3fA+UKufVNMhzIJWKGEHPRCJflFHgDj99977WVJMQT8S5N4Xx0lKNCHt9b5N8ceWMUH+6cdDsXLtVRJmN18M+aA9sDtN7B9eQfJt70bXKJ/LdKMmaW2TfjWIKb9oktU7Xu9nmcF9+fBbh8t3H9cZBFt7VdQx7LrhNZMFxe3lPX7rSiSZESWrmpOG/cUwphZe1fi92N8dz9PoHPIuryCxmGwc3H9RHPLjNZYFf1/felE93Teqb8/bfOLvr97jZHH+EOFOuG6TmePkgxcO9Xb2hoMn/7vvyCWcfyJt4vMlwi8RaybQrl15L8vcHoFt/k+yrwYAwUncsowALgg1xEy0IhXjzXVlCkRd4T3uyAp7F2xitBC4PLVhzL5VRtAU0HAi1UXZQQimMZI3W5x5XWiljjD5HxT6Nj0psbPfuKehbpb7PARyPc37TC+BiLEv6e8EgrXcvY1l170tqEByV1oZIKkmwpqrOO1qTjv12Unzd7wio7LuXLbeOjknfKhVvcDiU9QfncEXgb+DYHPoarHTrEoVXZdV9oN8nKzw8dw8uY8Jz+V2UQqTG5yTwMEhZfaD1OUezrcWgNhVKOju9h1xE6l+22ENjyArGNTNSprq29pIxpP6A7/V2WXbmw2zZGaAG11tkj7b2WiZYlRVH5kDdK6nu9p3aFSsq6uolsCtzvO16tyMY420v2cHG+FhPujv1eYe5oi5vy173c1e7ZMz8uuUQ2IERijH2kRF0dW3tvGvjjuC1cfMG3C9jzGYA51LKuvbzLpm7ZEQY68qNiGRbaOXUAUAj36air1qdc3S5hJfDzbuERqhVN/XnXUDHKlZYwU3fG6FifAJHNwCMNN1T3OIq8HYCgLbj5n6c/SRCCHtG+EUJyw6oKkWkCni66v6Afaih71iArFuWhCOW929YJIBZSxcn7EOHhJlhXkhvLayzmgP2IyF0WXVz3t0Ijkru/nyjr4YF4XYDhFukipylDBXjmtiKfUXsnIzNSY96w3BvDPTLRejGKr8RgyvympLvO5s2cQrGHadQmJNXE5fCMfo+gG0ych9ekSxiR8Z4D/pd6UYbfbkq9FovFilSSsm6r4HUC5nUWjKMdWkWKuE9zDDDSq9bRGfFD8h6UNBU1FFFe1a8SC2llvNsgdtcyCQXMS0ZUcq61U3F+qCNOlcD2yTozN2HsOkL+tO66XAhohAt+u0uMoc0s8tEdD5UJeIsAXpdyVjwr0sWSw7Ysad7ajDGyzm3LaJKEdbNilgR6RnxKaWcf/8i1jnjI+GBmcWtBLuFChra3qdMVnOOF554ti1CQ/u5B55KVhVdpuj5n6TTzQM4jW9VtgBK4FxKqsjjOsMli+1GAV1aCEV1hMTsKrEqrRbIzhHl6wuSFRiswTPKmhPBqhcqpC2CCiJSdcqIiIvc7YRqVdIlijRyBTkuzW6Z4uYDVnGjq8XtXrWw6cKzipR6jm0yhFlc9Am6w4zEhuuI9fDxILz5u6g6ZkJMih1muTG5IOlXJysrbSQgQDwwY+SCBCEpyaK5uJV3t8Lkare4qqKgSuCgLZgdFuXNicYPb2MPPpiaxOrp/QDFYU33IOYWVMUqIRzo/EG4eOZJYC6vRzacXS+v7nzZ5gWE5U140OKiCmizOkB3IzHfQ1UteIe5Bziw+gVxzDkHgcG/Fjl3eFtwZQigTfFm7h7AvEGL+3C+WaG0olcybsPFn1YiT34v5+wDZeUuuYdmI19W9D7DuwRtCc1sQsX+c1QafRGj3V1ANRG3AMWMnJINo4eW630yE9ldfXZR3U+s2b+3c81U3y40FAB7RIRITgKDtaO0YNXSz3SfqGqZ1ERL+RwVkMsbirlZ6fVakyypYmWLoghrHgnvk7Ig1pyFWfI5OhvCtNYq3r5ubhaISIMKFpAWQqRaxV1iDW8YRHaqwCepQFF6KpvMCpHnQ/keile+gyDTsegYVex8Mt5KTD4ASB17Y8oy+QKmd15fVRcg5+0BoNltTjJ86U4O3F7Lkvxt1UcoBV5BC5SvX37729fq96Gu/Bl+8xF8FcQ2gZNSvoWvvsvLNEKAH+qKZZ2UUq5DEbIU/f3eLn/rdu7GiajulmkE8KGuWM7J3k5hTp75f3u7KSW9LxdDaLe0fLs4b3/39EhKj/zsX5vGE3/o1Y0Fgbs7grsyjZ978KKtLOH2d1p5pizuyrMF77bRKouud7AYUGn5VuFuHO52EGstzvhPJcjHKMqlcMIXgurgUVWW8e1HIQT6Q11xa1HI3VajnZLL0tliP+UN7NS1NYkvdPeMPVfgbWL1XdEGsWb2IZa5BQbrItlFGFRHHYV1qnOzX81/Z005BwCdc2ePvg0ENVKvLGXvFD5V802di3Pndwx2I0TL9taiXaW9slawvBBWzLOXX34U6C/Cp7/+owXvV7XfUa0u5z24KCWXku6xY6QkiXFp5hLjUtLYzZvY3eNB1pLP4QRJOwpSci7fApy70UPkp3jYPbhb1zVnflbBOKvjjteAD4sYTaGmTHSarXB8Ilx7v2KxY2QAguK6FK5dvbx8fYlwO1zQBuwwx9gBCrvAv7pIlmKktmPZ5YIFcXcq3Oy8SFceXQnFv23jGx7A0rx38J8Pnmk14zvxwfiR+EJyziVfwD578RHLPv7k1/+54OG7nXX2aA77ve6OBG176XQwMCUpuXaEEKDTTUlzQzOgSgteN3INKAQOugi6SToOs6JTcl0EkEGnpIMs/eft3Y0dtXtCFycVo23P1fEpTKnivBKIXnoO+hCMUaAkQmGMqqh1odGSFS9MnXI2/bqulDHKQ/BKGCMqvgT+49N59hlc7/SCH1+K0frFQvYll/PsK6mh/bAY+mk+Yto2Jn8o+SFf09C5+/nHbrw0iAYXskgtRf/gz49ElA+FJX6+xa+Y/3366/sLLhQu71I1g922UkpZp43Zq1uETahRS6nRWqWQExqAGKd7E6huANduOFJqzKPfA4ysUlY1CGQXFeyBKP+um7WLf/sOflTBOm3n6p66U5+GnUNe38Ze8pyLlFKnnarb1UGq264ODAY95ASq20hYw4pCzQWhX6egCKNAONTwbd/odwkJKfji+OdXK7K+IwsDd2Vp8DHqVdo7i14Ua1qd3JyVJyikj5jSostDRlQHSx7Yy6piUViOI2CVeAnLmSoMbhJCAB/FkMVXd0mLHhQTe+0mbOfVoYBKBfad6hZQDYN1zWVXCZdqa0PBQBGKynGwjDYx2gcBG1gnpwh9XjeUq9EQyB6adqpRYK/sr3Y3OJqdw9O7tatxN28l3bGqV/HTbivw2+402YOKG9swrZQqftRWdTdZPCUMkk7K9kC33mGHsIQZ4acS0Fc2VHeqYFUnYcMU4Ccpq7VEIU+WWg0a/UIIsfLBc4skBEX3jKdpaI0OJrSGBBKYM+rxrD8AmcVSvvHUvo839fMaIV5/S2/NIy61W97I2sXfyK6yaY+Hjiq2hzgKNJwOQQYnXI8H3eWureqCRxKqR9BVqGnwpGyXA/r6QKOqQ9A1AU+qYM21Nd2Dsr8bKQ5Mq3d0yvlhK3PiVEjVNgT7bHT2hahw17QPUXCNqFUSKHrKgrJCtgqqdIEl0QZ16lOj47lIJnmxXxNU+1nB+iS0GvLuZtvNgDfr+nV13tDee6ptU4Kz2rN7IdfBFvg5SfXrl1eXO2+/t9POG8b1AikzjkgVv1nLuU5pyagueCONxgI8dEUDEEqCAU/oc09IqiSTQg26BwsEVHWPB2cbiZf+8/Z3T3YxN1nvFLt256RgdtTJenPRasgKvPHskNQbeMV9G0PFK6+M5wX2VcdTIFS76Gp+2LaB77dcUZhwYwucJKtPeaVcI1QbDW5lc7Fco9HiJCeVPJtraHwfAIA9h+Q5WQkkQlGVbrG8kB29gC+F2JLj8OTeTks1Ol0Uch925rXnOxdAdYFRjHRVQ6BzKIQEYLqACnAJdaOWSQDGIKEiPUO4qgKlfxwe6ZXbLf6Eo47arwqc9szOfHRIweOkbRsOuEtsYFfr1BQHFYHtHDLQthLQ7zY0D5k8AeftCdrCJq2lNb1q47kBxbzJ74ZVmeQPiHamCLKTRNAmSQQiZa8YESm+DD5+8fWrd1Yyrr5oCTRanczQBYNjuHloYA8iiYZCYE7OXR2U0gzUpmZBFQDWPXgbGFdfVAg6ZmcXlazuAHTnI50CNDrU8Jt9eExxiJ4QkY6whDixmafQ485opHFsjQFc7f5mQ2vakxaXYJVpoapZYM2BaZhkwLzSbBqPJxEYKcVMWLN/Fbz89tXrK6u5To50wWMbmzv7VMGwhOvRDiX1+wYagmI3Ti0wnBMFgPMBCVClwIGZ0u+cAyfksN11lNsl0K2wGAR3d5xzUhVdCYJYReA7qltRP1jitAXdSbdJIFlAu3sIuJ7yjeduwRqwX4uoM9U04qC9PwizzxawwfGkKjofK2X/KgpXXuMqrns/6IHT9Dt5q9NW4BRcF1U6ADuRkwBsaISViyBBxeHIe8M4b6+6/NAb3guurVwAJZZNJDtdY7hUVh/ADgPvTfk/b1+DN3+f47Ld2QVn8G/XRynvFWhqDt5OnYcsmBZKDlabtjP8dmG8rmtQJLV8Vbu6Oq1UJ+thQeiwLuoW+1j7OwUHJAsdDBX1xibefG4+C11KuGSmGgi5g6avOKh3ELoFyCgk765C4/ex2Wt3eiGQQbddmTdrUj6QVoHcMahDFw0boSZkeqkOkMF+oK9/09iwyQWXMLmkVApBt43rSUf2C12EuwnbBVxD6Xen8gBvVLjTTDyQmnxV7Fs08qteo31SHSeTsVCL1OycVHgU8LjbTKriFSqQED+wWdtghSbJ455tyaoqljuCH9ZNjZVPjQKnTrV9xauq4Lrx3GIW9dNZqJUBhQeAU6Y6h31qbAASsfQvi3xxYFPkNhNW7oe2EhaVAG38rm0oYmzIrmooJQzyA22VQofKBuokHipw8lR1eUBAHwz74Uk1lFVKKC0PAxKuTgltyv1qd/e0hW0wsiKcntSmVXdr0D/HD8ggC6fYcNU+INNyp5UUynV7su2QwGEPhJFDxU9P4FgNK0JFKhi2U7sMnLc/RsJV1+g3G4JBmmoj0dBb1JWmMIn5ndnOb3m5ctAFo+ZQ7hfJd3KlLOye411rFdbO7hawENRIOkJMaqfIipozBt9ZQmmHG9mrrbKqDZNP1oL41NLIXtuqwtel37kboW2MaWI4JePtMqOMCwiShwOxmKvrGkOrYQyGqq72202lhOpCQnfxoKMI/d4J50cpM0K090/JycKuMMYlMN62OqzBOMz6ZMM5i3VvqYql7MpMVYf3kkS8bDHw9yDich4FY2QIgXMeJKHAJU1yLke+NH1J02cRClyW++ve6fHxYLS7g6PmvajqunaAgzhRHjlHLyoHyFSEpEBOGHhAgb66rlLeQ0p1pRj0awb9iiZkvKrqDej4hiZzoyEQpW2miG2SiJcqy9vRIkRWaX4V9D2VmdK/2jlX85r58QSb+85CnvvjWl3NGYxoCvV8nvPpOyYHzsnGG9DBjIi33pCtTBFeC8xysfMu03vwgCGWXnDwfeNB1jehAyUQZzCwlSniJtCpLgnkHAjfow9IwZPCBcl9Zv14WfHhrSqLtMkUEVRrDdsGpMHxuA8YY3pNBxcj940HgK9XJTsoPvkeQppisjJFcPQFIMjVgvI++iAtI8AxdrC6YbnAChvGGgC3md+xc5tvpQKtc+BcsJ3sVCsoePRWvG+8GlJe8ZNOzH87d/K/nTtz/b/NuLYLD/G6x+ujw9/+8PdH/NPZ/vx7Kbw4+X2fe+B4TiCHP7j/Xjw52mDwp7d02i+h0Pr9DzYYbuuqmBNh2Zynstq/KSWY3ugm+isv4Nwnr3fLJ/hNrckMWNxmWqOre/dl3N0Y7odBM9+/JDPKvwXmP3nkN8Wu3gshVATzZquv7zTLJ67wm1JrKcmKTbRG6/cud/Oy6YRQnTfxPTAVi3TrMp4cH53vTb0x3ntFCZcgpayv91pZo3zCYPfazXv01JY+0JvhZheMicH49+KbnbyEzju9qXCn9ybekp41b7Zz2X5gT+oLzs5Hp8vr+91OSZ1ffjNr997YSEQF8FozZsly+5xWHXTFmteXvEW0gmiLcqoLhRCi3QWqb9yCAQdmVMWWFoCqWRwYI9fgLN2cHHghlFJz1YKAChIQJTh28jKrF0NTFCugXAxzdq0Y02ZZ4yKFngNIRc/liyEYA1xTdnUeyTu7ZKaZEWr1sOCk6fBEqUXnzXOw4NKi8/ih5keHkTmFMpjPlGp7SUn/0c4aTSHKLIwRwogWFP0DTqZIa/YsmOiChniGnUFZwjDt5szqR0qQzc0nAIf7ESGg4U6PyIIRL+dOnI2eQxlD15M5ZY5Sx0qJeX6uvh8MfXdqGM0gL1ozJuFkQXp8t5ObphGiLOs2IzJrgZwrUAqO9xaYBxl7kkzsqfQsbfNn7CMrOTdLEmQpWVBj3O0gYq6UAVZ2nTECBJxSVywiYntnd48h1Q17PmQgMjSLgdasCZUl4udMmUxTc21bbOZlqabVqOgR6V5gjKlSrs9OBuXZgbr8gKMLXZf03i80+TkQREsYRWyueZgNnZjRttvdAQLt5GVeVykhlEVsg7BLUv6uR+uuxJqxZM3Q+mUJY0rzUlvL1Fmp5nu7XUnCqyYBhuptQG8lqh7pOjskyljqWTG0VpovpNHqws1eXs5RXImhtJQwcwWg3oaOvpMRRiikjjW/262gwDrE3jDsWh1YVhNPGa8p+Wec0xUsUtoOrwgjqPh669BPSwhDxwMobaDIUpTKUsEypi+6jCFLRa2aKaUUVNeIjuO3Hd3jhGAUOuyygYoY6pfFgyxoUoKmyWL7dqR7XBp6CJOGnKYUkIC90mJYsolu2qe+NzDiIiV24QXCfPMmuE5Sz4v2LTcpzjdvTvmRLXncSDmxPMfA/x5Dk+cYCJeY/5j/mP+Y/xi36Ez24SmLb3t9SfFaPmXxMqtLmkv1pMWqoiyR5+/PWrRnyhJrrXzaYiqpanqKg+G5D/FSPMnx/ONPH/uTHM8/8tP5SQ75J+ck5HaD8Zr/Mf9j/sf8TyElAAA=\"></p>', 1, 1, 'second', '2023-01-18 08:54:01', '2023-01-25 10:54:01', 1, 1, NULL, 0, '2023-01-15 10:54:47', '2023-01-15 11:17:27', NULL, NULL);
INSERT INTO `tasks` (`id`, `name`, `slug`, `desc`, `projectId`, `statusId`, `priority`, `start_time`, `end_time`, `createdBy`, `updatedBy`, `deletedBy`, `status`, `createdAt`, `updatedAt`, `deletedAt`, `taskUserId`) VALUES
(21, 'Abc', 'abc-1673781378602', '<p>Hello <img src=\"data:image/webp;base64,UklGRiZYAABXRUJQVlA4TBlYAAAv58N8EPcDMZJtVdF9eu3hkH9KnoK7w+6TNBxJtq00777v/xP37H9hGWeEwzdwHMm2qlz57rYT2JEQsZOBu3OffFHaRpJjfPyK/VT00xxAoO3zB4IFBLPtkG2bVFg1jgC+/zTJaeL1X0siR+U/aTUptRh/q/hPWlu/chQ5G8/KKL38VuXFETuc3BZL480+uX7Tx3f5+8xfiUSyHhTIChZdYvU7+kvGLyrTfWF4qQyupfdNlMNN1X+1ucvhBrSB3hc9wcBiYHgFpjqsQAYoUIgQI2SEC4qCoCBcUpSEC4qScomRi4gwsgIEMbxWY3xvjO+NUbtGxuMUCJQhlUKd8BSxjAwDU13Ojv43rSmt2remtdIPfosVxhUDNPr62DuCJWhZMAQ9C4agZU6iYAl5B3qGjsnBES0D+UcmxYGBVt7T1XX4eQwful6towu61nXfuHUvqVva/GevXruYrcn7RToQ2kYSJKU8/FHfzP09g4iYgBnzj/Pf0xc5iDFSTftmt/tjDOHyzHZb9805R38cveo3WzWz6UQl7aU7Muu5+Mh9M1MItY+8H7APz9MVCZXy7W11zkn3H+Cc4QfWGGPMNvcZ48b88eif9r9xHEkKRjCTapHFYjlVqVZSG9n1XnsSJRqR4k83rqeve1yc2juNtrUTofW7//slvgBNscjU1O4ekEDBfRNARP9p0bYVto3u67yJVIlc7FcECCnh2v6RZNtuIknUvBVmWEH3kJm5k3P/QyZbsvQrWnaSoyopov+Q2DZyJNkAL+fevHuhBvfBL21/1EiygggTYfvs25/nXBSZwdkLZzrBLEMUN3BuHv2EXV3dfdKdZ5HETws/ISmi/7TYNrIkSY4Zz3Wha9Z5681HVFbvdeDmx9u2bVkjW9v2RTv29JdEf0mF3zDf398nkYVFv+THC1rpSic9xqhPsIDHARzMI6L/siDbbtvmPPOOwXrdoEbi2Qnwc7B4cnQM8S4WTw/PIN5uMF7zP+Z/ipI5126Irec/WHDp77evQutb90cLfrx4I7O+2voPF3z5WRdZt/QHDP7kcwLrUfznz8D3oXuSY4xIrPnPQX8pw3Mckoz8SWiL8vIch/xp08VNT3EoAGk7WfkMhwawqef4NFHyBwfMfwrpyBzxS5xyP0p3PHydkjyetc5/iuu1uAozpgfapp1zOt1pmHPOqy8/Og5CdGP6KV/3b0U1nO71VS72whgSNk4JQrle0Ie52fH8xUfqUtgqnH4KrsXLPeA5ipJAvFatAx+nBSmbl196JGe8/GowtYuvqYA76E/ixqQghoBN/jyQxDl+em+PeEwonyn6NUH11Ss7f9tNSYFC7fJsurFz98ZsGEz+NBCeXYxO/2QbSCeua6efO8qVd17hYkbPe504Z3rnvMYHMYrilaraRxnbSwjWiAS0hDo6F7umPzwJNA03c33fhenc8Rdq9qN9VHd5ed3cE0dSjb4LTUAPr9XJ89i3RMK7lGnHJNUB45QeQWrZlME44OGuCiFc9WHYKYSeidOTl08BHZ24FDCqm/8FkMbB+wkfQlPOtnPPG+XnYQf5ugLXqKCOVyhjOg5X5JN70yNwaxHCFrnBSpRUbGMaNprJpefhuv3RXUuCiRoKF/8LQK+FRa8eo61S708cnbuKS9cFNGNuT53h3Gi8WykgglRe1eX3gVIUVN6mBf2FNcNRihmliKfEjj4DNJmKmKWuwiCa4ZFsoJTSWskLwRmkes2dJHFBonRd08aTtfKe0gV98k5LEFE+FzSaVyqqa72VRNhMmdvCLECIC5neiYR709ZszV/7B+C3GbyOY7zM6NX5VrwGQiP66fAUkIoVSNg4713/vgHI0zRKpw/cXiqvpEx+dBqZJMcGjc6rBBNGbozSwZQRpw2T9gkocuqwlF8cnU+Wb4nG5KJT8pmgc/saaBPOxbUMwUTVIxXmNroYaqn7xkqvXVe+Flf5ALoLURm5lUGSprBVezrEnSiQxa2O6hkgZwLRnA9Aa1GP0YP5gFmvYjXteLT2NDQrOh/WqzD9lOl2nacd5baa7nRIQOG7WJkiK8fWGNTW92YdpG2uYiVowlzCltyA0ZKntY1i3Vefngka1xkNs89gQij6iWaszI5+VOg9Ho7qHGfs8QG0APkSqBI60/6qqCCytPv0BFBkblqdXHJirKtvBYuSDQDaYLrUWygsmAVOprAhBGv3zeeuqWyyUJFmw0l62Zx1V0rvq2Fywh5PrCUr1Ffug87sqamSYtZTzemZoLi/hrLne5qik6IkbDNr+e8ah75rGPwvQx3zm2y2qgwhvIgp//zTwAwgjkstclugUFYKKYSrnKEoEAXgk/c4bRhgWkh45qtSzRFCsUeGotz8DCSCSglXZ3O/ByqVUUjBxIM93VhLAsAzQWz2YDycWTL4raSqW9qScVHgiQ+iXz6swGGgIj+6dmNaTac+/9QXIVT98s5JRUG935rtdY7uCBBKtYGsb6fFznSY/dqeZG+q7WZtXb6SEncQAppNhRBUtJq1xHRDY15CKSaIEBDN7bNPj6OBCAvIp0aFl8JSeBRxn9FOAMBmheFmFUmPKxKp5vTpJyWKcOcqnjNg9Nc6XsFCgoFQxKlnC4vbUYOntGBLlhv8pE/KMQvVhztU1c637GOw04bFReikRQhhHSHQ9M75/Kmg7c6DXu5LD469KUJV975TDwJsudslZ9y9pGJzvKVSrApS5vNPZ4ZtCRjLQFsvM6l6sEAAtI3HzBmkwpy4bwQakJQ6KD1FpmjNl4Gry20UFKjHsSQyrXROYAhbBABXBO3BPhM0Xl8D3c7W5r1hw4JbuaccvfR1VZQ7896DOGhDge3ckdaiF2UgNCfrolM5nw68PQu09ED1IRQrGBJATzPMKHA9ZlZ3DJq/bg97J+k7cVu3B6Baa62rGXREIvW+ruuGbMrCULzucP/9M0BrdCyOrgkhbP3k2dewybMAw4L38na1YoZwJ9+Vj8Ha3lCgqpFMJcwSYXZTYnCTl8SWD3369JPsiS33l+YVGEJhHFM0VoEuPYB5FLrfAhVgvXgf3QzfMHhbggQijA0CBRhYngBi6ZmKsTyCRLASq0GQ/0lRMR3bboLBeu4/VIOrCg8C3hMXQC4YCGjTwd5eEc2+GwyBdvcknFY0Sj4AG++ivw/sLsCfCn8BBGVgNO6JgATgXpQiZr4uiQJiCIS7k/z+TAzFpbd7EYJSGOhR4Ci4QYTfe2+tAM0AUrf56+ef4gWODfwWOfbgGrmeh/b4I5B6JSqFd+NN0UM4+IZ/MDdsgqHTU0HiNRUwQgS3Ub0wDWRuY8pscsHAm6pqd+6YhG+vZg9pi7nfU7r3+hZKiq2ELaiuPcjrysYUUPc66KdhH155jepgj65rxxgCXURiswBw2kPgLt7k7h32NF4o+hFK4Ck2h/0X2mcCx6GlADkwH/k+1OtqAugfgA5iOroxZX6gdTWij8Ggy5U1Rrg7cwM8e0FAdcf/Wg7KJpTqKdhXf/RssVdeO+/RKOXZNwrv/ShbE0IQ+gGk1YZy76I8SQZ0rt/LHyFMfisJ98FNbhw696mniRxsqckrtIfF7XdecTNMoMhiQuD7hEuq76i8L0QnaZ+H++Re4ZquILoMWiiioN43RRS2mN1/ipRNCOFF4T751RJe6vXy8FM4aFREpVmbelcvnX5uYGUu5T0dKDkFUv5QR/GgNimZbPk03PeObq341w7ELVr3jiEEcJztltd0j2TWbwHsx/JJqBC4+6F/5HDKvSh5fbiEL7i/1+3o+2sFX6RkjWeQ9yEWTAVaHZZQWHOSme+ALqGlbw1RQaYxAP2M9xkrFpBuxcuMLHcCKC2o3OP8QFQFrqcvub/X7ezi0Anso1Mg7zOrQKbiCNI4vvcuZ90QJ0BOse/QjnmGUEH0cfDywPQMo8qU9LMUIJl/ZSs/S+kEAlk2Zy2R6QuOrLUHieqsFm+WS1rhY/os95oXSiW7qEBK+Zg+a+ViS7S+06d8ddGv8V/B/z7/76j4f//J/Mf85//77/7ndyeUym2LWLswYKOw0+3tv7l23f5BvHnL4hnsyD1SqsR48/KWfbeu30v35H39AMcoOr3Totbw7nv37j/wXmspU6oLuyB2otXZ2d17cz3efFcySpWU6vrW5eVljKeIJ+oYv6i81QnX4rvyPjEpQbESIylS5hh8abb30YKWv0wkPTwhdryAXfi61j7Y/70atAvmpXeh7NpvbhZrQPVBsO3i2f3OFl+x/+7C2u3f1zepry62ndi//+C9m3h8Ie5A//65X539U7myatM7cVWWKnup1sfd04zvhSfnFVd/9aMflyj79T9sfPf3vylTQfajf7+yPu79qtJaP/Aa/FVEBGfuzxt+/b9/VJ5M/mYN0Dw9P/5RmYqydYEo8MGdWr9f3btPmaSSO6Hs3OAnPwul/nQtkAnIT0tTlIW1gSkWCtT1bafJpvK+B3+lJbhu5pa9SQ3bOQf46UehVL4lXHmKsp+sm6vpFWRTkhxsQGiYXIJXykkyWVBZL0eDndz7MDkJShrttfdeI5iFjVWvAEUNhlliBSMl5xDMqgy/rA52N+UNL/QUEtGTSi/0iAgiInpMItGPoawUftLpjh9o0Tzh55gHf7iJ9JxRiXhHBbNQQKUU3vURFYRMjaUfaML11uz4OacS8a6IF2ie8IB5AjDPD3iH1MetvtCPjEUKtuYJo7er2Epu4MHtQ1woqE00NxJG3YEy20q12BQ+bj4cjuce6RNOVL7PflnoIPZVKEI1u+RW75c7LkFldmaei8KHUZjxONHjQLOvt1DvCn+nkSW1xV1/1n9SBfTWHrUmq7rvJxbuVi5/tk4zNX7Y8eUH8QknqsbTuec7iPq7mt7tW+/VHFpe73QPFprHddvDPQQZl/8IxABk67j9PiO7FJdNwXZbFpnmegz6ULmuq3ZC/o3YLnUd28DVDiU/xa14Nqio4jEbeZN0OX5/23rufTKntlryxTVydZ5C7RU9Sj8GERP3fozrkn6XYfmX36PY1q52VrUVA6nO5nG/OsSxa1GellCYXmVHP2Afp/x8ZSCyllsecirsIqiwlj7T1J7Bm59muERWY6+bzo6xE/33hAso3mPKkuvRjvrgDDCPvW8eHg84KwRQ0yc1COGdaqr70ogIqiBeK9EPaPvtovros6/xdVqNu00ZYMBCLoM9wpmBvcYsb1WNcqKSvf/am1oYgT7OMrnbBdXejnG3r0SojFEYKITAq1gABWWMUYE+0Ye/s06FuPHi/KF6VvSlUCjTr7iw4uvS4RRNVSphx5l4eyDXDwRUxqBxacaSlxY7A5TMokSm6XcM96QhKgVUqIVrPUzBPfm8NvztQn9oPtJfR3xnBe7uDcp4XZ0iC3lpj9zMwDbT4STKG6g+xb1J5DZg5mo+BQSKjfFx6zCsBlgFlWg6rPfIQW2ms63Z1Cf6tJjjd5CdL3uVOVN5e/KmuDvbZ93DOwVYzAAkZo+275orZx7z0VqxrhyVam86FOtiAtG47Nyrxf7GXJn5mG5S4rbutbWNIYLLT7W2RjFtzR1ta2eDod8wwKP+VbxMqrHkde+nh3uhF4LjN+rjTpuBwEri5OBh2WfH8a1ossOZ8K62SWYd56wSA6nanVRKSsUVQ6BLp5kKnywDmZtXaWY3zyo/zfvwWm/PH6BrH+dzK/TsPazfG0jAG1quF81zEbM9UlJ6AAqvXqmU9JRbgLdeM1VaCi4FANqUpFn63AdgNx13LHavJq9T8l4raWwgXF0utzvaNq+httX+lkEVpS8vl3XHO3mrMNu5ceewkfHA1h/ksIPyi4E3Qvtxkvn3biO7iOaYn1feZjR/TpglraVN41qSEkxBstICqJuWmfZasoTxp3kf3nW0qrsUVH74zNdYdMcsyaYqXhYxsMTggnmC6mZ7nLSyVvl3CptX1qbcSgtwGZTFySubxp13YDnkmYorbA2VW0xZmnwC9cPZY46wSFTealB+lk7b0WxDgvKV3IotJqit/s3Dgy/+8cFSq486effgUEp/487pPuchZX2Uk5nR+MzvWABLnGM7S1haU4ASBywmkqR0XXPrNRu0WBFDctkJfzpY3ZdMRvK0Cpesv3yaqeqzufMouD/VobjKzObT0JhQLK0pWGW3iuXE7zG2RvhkdQfLvBOFiImhwJvPdG8+Og8mmUtSZXK9uRAF0ESPtelnwaZ8j7m1rhNCjDaJaobM06AE0LbO2lIDOiTreyG2n4wf/ZLz787Is+q13nzs/u2PlkT7AKy+U1fHnofr2xa7z7ErAw7HfGTvW35nV31Q+6XtWGVnU1wC3U65DpUlNthMbyCzUJesElCAusQ6o29lozP38Wmm4naW6gPsrkk9WPqykokheF/cnHfYSqJfALDZtJbfwrs7ZlGBzMIeSMTEoCSmqOy3S5dnw77wsJ2OoAgOe0mFcfmpL4tvb0N27A3DJFgeoAf5ZNz1rB9oY/KHDHszA2rD8JPxC/mVPCNjNX2C99W//8ey8HfBbu50f4+HgBKwxLdgHChsQCDcelDIAt9WS6NUGrYiLHc3W7GcVI5sJqbGfAZ6NgE1Zlu1nW74WabiCqowFd7PME8L6jx0zC06w/3O45u8k71TUAa8GOh2xbku7D6fH1y89d1mzCZyu5QNJlVLzf6BJQv2k3XtxZitz/K4sQcgc1Q0oOA8lThlcdu09UAbuFLM0JtfxXX7y+qsTLC6RF/ob/71/oOlAbsCj1sNHm4/A0o35JrScPV7AinezueWiXmB6Gy+SCyL3F5mgOonNMaDfAK/P8dEUIc373VuvSg/zffJVZ2U8cr+VA9v3Lzhw5+lzeOVFjqUk1+gcvsOL/UTCm/dyssoNjcjvHtQ0Qjv9cG65XTdpY56/hj2clWcNGVx3GfA5b4VEg9tucUku/KqefkWRzFDUfEr2Z/TNGdiydL4WH9j0/79ZR0/JQtbBCFcJnvsWcGPYsWNSqWZs75ZiviydPhahDsVwSEeu7ea1AuPbcz4+ExTCB/qcG5Yhq3lJ8TlpY651YIWDqd44UB4nbEuATyPAVy3R6GzhRgX8cIGYMnqgYRmIQvHkQb6iC0x4i40+nqxtgUcKQPx236KD+7bV5epsb+sU+2dwnp3twhAoYHHq8vPHTRmCFSEXeaZrIg/jW2x5I17uYN6m3FbwmUer2LXgmi28GkmVp/KrKvP81q/WDBPufoc+4I/7SCn90AhQF/dgdjvwmd6aGGsC/khApKrm85TYIV+mnhp1wqC7+mm9obZsDFMC/Kr3wd483HN42vRMGJpZ7JWG113m+CFneWHowX1XwqIRBSK4FXmeKzTYbZLQUQ2qIvps+RNESisIzvs7ak3BVEV2WEVQcEkiSxZa8OnmYrLfNb3eECQvykRLRFIB2YL6M5ZEgaYp6zM5jItsAgWbzqT78bZSSARgcOvm2e/HjPPwsZpvjX0bfc53uz1xGYYvL8g+J4OXTykWwnTFAvafh/wov46XgIay7tWkZAxx9sEgQ39h9zaXsHbKUHh5Uw85mNJS/vwzh3To7a629CyFHFAUEqcDXu2mgilMh6cNmRJ7hgooFLh80wE1uBoj+Ca1UUIVc4hpjx1xdK1/dw3TI96v7Um2iTf8BW3yE6bn5KiCWjECZzmWBIBegcX7HndQWtqnZ+ab5u2uuOlLYJYxf3yIygh0sVnque1/S7AffpVhKrHALeC3bbGJovXdqy1CpQxc/fneNvf2OGlm95Q6PygYyNEO6ppr/0Bo7lsnQcppduUpeG6tVMOrtsLIEOh+ehJfZ4pvLA5g8XpvQCFpT0PZn8zMWXTbWEa0KZD7gdz/eicGi+orfLCiF5lugX7dHW37b06gOv2A5BRVhv1V+R6sNvk7bptYczRrd8MuDpnWGfV76+LgEmFNGygVFBQ28a0/Q4AvxNVxr5ObusikLP2MF4ZRGRZese+KZsNLFyx1faQvPeaDRCs1kfJO6fROsH2WrI6ejrN7cN7gzKc82own+jXpSvYfhm2joPITpN3Psm8v9BS3jbBtLtGdOY9Ant4JeWwUfnh+Kr/AOxjlmsHzMPtzyF186A1OtkECsjis6SddF7rGhcPBwWqrAmruOegfK91U/720UyXgPEWd+EtwuISAxc5WLCnc/xY+CQ0t/F04Oo6ZV73XgNxKtZVoHIF90Mn505qBl4H7vZq9V2pdixnZ881zMt2Hpgk9/37orKdqz6y1NGU+BGBk3I9iDIEzm8n5xKbepQGqrLSG552rmpXyXWXwJSOiZuHC0YnDlR2epa7ga7m61fvQNVLUIa1Smi63eaOuSlGOC9kdztGFt2916vBj26IY4y4VoGCaX2M0SO40E9KMKm2qa03+EL41vooZfRdXa7vM1t1MfLbX9jvfByjF2bRPBRUYz2Qc0XQ3UARWwDmqX2MEU3j7RWk/7sYJZAe+LhyrWlMeAFWtFFKGW2jCiOi33nsfYxCEdAgDaT/jf5Qh4j1uceZOL9NEEKJuGhD9di9yRSUUUt2VXdubFcg17cgHpWBGku0C/C3/Z55HptuLJuHibgjFR8wz33VQOmCodAYpR5odEDEOy3VTG6b0p3sanW3BlDdDvffN758Qv4emPIXsQX+bCPhf5evG3+3MAaFGzD/OTD/Df3nrpv/mP8Yruj3L8bd7969f+/9Dy7CXfvNu/eLL6oP9AW3M6b9ppin8gOyovpA69sX184YsfMmEnUYtKY31bedu4B2xmR5u/uGmmK+1lpLkhzY9ILZGWNM1u7s7O5fQyALxX06OVLQUM0IdxHo3HnVotXp7u7tv7lugcwj9x8A0/oeLGlkhT3ce5IQWXtnF6q6Qus2UzQkQGGDRRxYeSA5aFCFIaLjDCxogIkLBzeF5da2EiK2O+DDh2cVdEwCD+8qSpQj5j8KwP8pA/Z7cvfLX21/i1sa7wKgb3nlkz/98+1vf/aLbYzX76/f4L9XmSX+5V9c2u3u7Z9vadwsb3Hf8hqz/D/81d9sdftb3OK4c5f3lg6neVn89f9Kj7a2pZT+eovj3qOHjLvf3HGZF8ZWt0dniPbu79bLe5nHjK83x9P8LOHRGaK5/96aWWBHV3jz4P56mSj5Gcr7a2XY5IM762Si5BcObDD+8Os/PcDs3+h3n7Dy14f0c8R/pD93n67A11/5B9BF33y+0jj3IK+fbvjbV8lDt/WQXX2dVoIbLC1g1emqUImDIz/jx6KSj7WU2xJtf90JDo+GPTfPxEPnFiCwMPpPnzxehzhylJ0Z5zVH+uGb7+07K8BJr7ND29GqcLrb6hIX2fdnFlQPnwyGQbu1hXMbBU2vxm3c5tOj0fnonohH/Sf+MYH2wUsGgQUxeDYOZw/pAzSvzyLUfHjq5Zrj1Yvqy5c/vJMti+Nep65bJm/X9QrRS46gPGZafzge6HRGZp7jqK+1pCsVGuSIkWWpaZNnAe29lpvE8e1tG5exfzSZhtPz8LA/euafEAJPx2LYdyk94nHxQIv5lOszPyp4EwUwE+ZUOLVcCbh9bvza4+cfVV+8fJ2yJRdOT5TaMZ1DpbBiT5uL8xpS4DUkwEipUkeKnjx+Oh75CP2QT2bj/lmti43nAzXy4Ngjg4/caeWHQTKqGVTmVP8soCaK6w2CdkUssx3q0S/OhYxPxZNns+nQpZRMjPYpwfi5HS0IF9U6IIhZHguzk8G8QA+rCTZr/frjQ0oBheZym5BipGe6p5xzWHYcHlecEEAUxle8Elgp7xWvK2E88rrmmwmj2fOIxGKcDKeN8ZMzwlNlVPBWDQg0t+gfakKDBp+AnEUcB8cMtVUVN9Gg0hvGDVOfEqeUTu8+qndctg4Kp+0fQStTu/ekAm89lNRBxieTWdOnlPrjhskH5ImfmOmAwLE7CgAHCs4lJi3HZDiHQprDhoFJ/vxZLKxwdLZgOM7JDszd3Py4EAXX87IH2a2Xg+IZfPndD2kZ3K7rusCNgoC7e9Lb6bRreVRxtZtkcrXix0nKVNdp/6AHKBXf5aC7T1CGE6Wms0ZUSo0HBfpU1CwYAIvHlx49n411nNkhgMLG2BEaDCib4UQ9U8r3GVlxT0Z2HFxaPtTS0LJCLbHZnVN8WRmv0FivzfGS1QnaaUmxxDTrPOYjtgB9XMYQkirg5JFDyAe3AIG18cByYyEfwxNBxcOzfkpPhTHZqF/U96ZmEmRKOnDOPQiZEHwgHCB8CFo+pGn54AmFoGGjn3MevGRxkI5moB0NNfCh8B7uIEMIXMxwFIKGuQ19mFntOd3hSDH3CtRCpadzKhnZXidHKWTw6Vff/3BtiYQogBa/zNtStszO8V3RMcbW9Ul1SMKsxiaicjUaWRWrN84m9NM5mhaBwPmTQFw/eLp576kOI+291ICD9MF7yEp7VseOBwekOLNqCeTPVOCBe6qRr733XJD484BF8HQOGblN0sNchqHxkkGD6qfU4PE5x647WRHP6GIjRxS6ny9UaY1w7Vo1IBGSS0UuZFlIDMBJGA98yKa3LDA9FbA8eSrT0DaMeRaKFp01QiYZhmMxEaNBX7oQo4kTMdAA3ogYpB/EiRKjIE30hEIkUeAHIwHY6CQ190KJyHWiGAz6NERwxPwo+uA0jyKKaT5T49iXgcqOdjxGkgthgkw6eKFU5DrEyHXqc0DDBJ00yDbJlZZngNc/vCps3nbfMSQs+dBXX/3r/RXgdnXYwv0TxduNvaoA9o58RVBzEdDkO4dCNuvjuxsKSUo5KAKhn+RDPzViOCL1O5lI2JgYYdSNPFcxet4Phmbl+QiwohoIDeFpuAURx55kMYUhaSToMPIm2hyFN5rKA9cycW+CARwSjHsSzHzkC+hgQNVTS+fNSBGqKsjz6s6z0iYmqQXm67rt0pwOQspqYRylDyiSTgKHqBjDcTjkCEUT1sV4OIoidPqo+Fw87D/LSU1v9LyRm+mgiAxEn+STSJrvtqCkncJM5RZ9n8AXBJHrIRJaU6PHuZ0VvoG+7waETLR2DIqpglDMJhwyILw1Da611ikIa73ui4gYrTE2IvcjkNuoghtGGy0x309eWRtjFIGjNRpkCWYv6QmV7SnXq8evv//iswVsjpB7Cn+zChT/lyd3K9wxu1hAI+koOLStI15XnUYSd2rfdocbCylBPEwFMtBhE8UTmfxwSig8F8ENMMJW/UQBVk9l8iMErEh/oSMkfGK4xeEAg8nM8hQEglDLYpz4MAZ5IF1RY0RLSFiuHVcgr74/RMu1NhayM94FGxGQGAd5fne7rIrniTOJkTBLWKHMpRxEcSHSshSNeBxEqi8xhAhxwLB6uFYMPmDwJSnxLLCadfn4kXzWQGHt8GGf1OeTjNjEOJpYOy0ibNYwOBkPiRtEbOCw72NjNipKeqNF3rDTOJll9qkbFAyGEXNULkysVV7gdFAwmAkvYkNxCUDIeW8CicTJkDRXhpE4T4LJTkdjm81835DMCkJ3AAmOlIfgxX/Kj7FgJ/UkI9m2TRLBZ+DwB5xrdo6wW1+uxp12MrXTc7stI0+Oazy8A+sW6dTVd1Njr6prkdoHGwyJCZNPJ88Njh6DprwQaGZDTaIuWmtMbnGCWRxLOSSsCMOhLqCyycAt6/IivpR6qv24kUU+nFkxJlmYiFF/hCQPETQ5ctPEydTk8Yke2mwSn00LXjkOtJpm+USoTE0HLiB4fGbGDuU5dZfzYEW+dt4hopvAIFQLkCpqh7VvAGLFfAisWUfvEyjCkdeoWFngAeBKeDIeDYrF/hNlFImMxwHNMy/DxNhh8E9FIycRluEohGK1nU2wUTzpMgiD3PvgpcjihFME/YB7HUa2aaSKjWeqH5TiKjbHwQfS8qdgIyJOB64/nuU4zXGow3hW5MZ70UDl/dDmk2CinRrQYWC0iY2x9yFIgmCsjdwHgw0VCswED4TpWeBKo5nNM5FeUfC++url62sPVoJW02C78KpXuPbRbQYcAa/rE9k+2JBuVnQQFIcH8VhHQyLNoxWBRN14MJzmjalXHs1E90FQ8ogzEZzm2Bj7pV0WbWEiOG5znKgMB15NSFyFQOVhFsc+5nY64sbmpLbazE0/DLgmIEezZyooYc1Ih2kWxYCLGMf6nLqznqy4nhqYL4hcLKpc8SMuFUMHAD5jMA8gkIesetCIJNYwuyHS9uv2TwYJl6ekTvfEmmdczcxIgiT66aEckvq6irApn8a2ARoG4KzAjLQRnRTNqZEUQacDVybaxlCPbMNr57Tuj6x5NjSm2H1MYTZVSgnuNFeNpgGtC0/Km8QnBv1wEIvduSIR53SRHCisJiOunSPgRZYH0pFuJ8XBSYnkwjNjzwbGmKYRjCXGbh/6Ymuy22rQznYOjoidVAQs54Aj2JTOUM+9evxEmecDHsA/dRh1XsQ40ikUrPqcMOSBdByGYtnGYUrLumZEi5awHGLDGBJRIeaKg9JJcR4iWuVjhiNNCCHXBSLvS+cIeBFWQTrJ0YgQrJkMnFTWCH1+dwPrO9bBl/WOAh79Dm4XmTB4PgZBiFUZRLUiH/icpESe14jTIekhGPkZmoek2T8GoYE2EhifUnIFDHlyU3pEjisoVOHM9KlMTs0KaDWeTBGNGfpRbgm/RMKlMUPEzDCghhx25stI6qIcnFQsIJU1OSJGA6G00woz78Ikmqg8dAORTYNLSYuGHRRQQZLizga3NruRVL/47odmw6wKO3kPoVSBdzcyJBPjJ0nCEkSZfGrtc5MjCYDhYyoyEnieB9ZEyGoaHJ/kijuAoU4pLbmQUpjYhpkGSWOIIA/RAEy5BgUWJwGfTcdcA6iJUTolF6YQsQ8fn3PpdgFopwEv69Y2cZXoTMEVIyNmL7l4HQiXfi1waUMnfe8FHQDQjPhsDJ/PJiRKHo8QAQEmZtYzAN0M9OP1hxO0jelQ0wAVjmkeESPB2CILOCU2GVIQHHT6pqQjNgxyycYUmAhDJjSpm6pcBAgLQLbna4mff1x9Dt5gMitDtZe3Dqu7vDpFvvHd2BcQBUBBD2wSFsGQwUoEGHAAyMBokU0CHGpJ6iMmsz5R8ENk5IHGkIA0GpWdGk1gJlYshnPsWjv6Ec9zxTBZqxwFwFoFRSzQREZ9iCrbEkcMPlbMHqBkEeKAWULr63fJ0uOoZrkZ90krYUYKFPpbwWKD7WaC6neR2qtJJIV/E3SxD7J8xL2ykRcBCVwE9Y1EahSmD0wnGo7K8LRhyALAkBrQBTk6NqTW3KPCAbWA3CWwsJ74+IuXr9/JzOpQ3z1pGyd7rtM6WAx88zoBnR1wYuHxgm7CKVZ90HqjB+kkUCWMfuHdUtLcZsbgUDOdoPIg2ZCaGxLXwbAdbgYn8rKNCyWpCbM5JIpDmcpGrtVHPaJ2WK0dabOL1MsFKRwq21YpqxTwuYQagmfyEeghMMYOJDgXa5Uk7e18KFkue24ENiZc+xCcHkzM1MdsJoIL44IvF2bGnR+R1cY2wPdTfGjh+C7t9bzz9qCtOSWbSD9C9M4FBXLrUl8nJmQIJB5n0YBNfAMUgWQTv4b44ZuX4Dq5VaK+e7STqVyZtt/MSAsArrZPnXNOazcP1GoVaFaTXAXYgGwoLp3kpF9vAYz6DlgQpKZpJ4FgymFT3zvnkpaJCem9k4NJhgBcNFBJB/uBN4BDvGzD3KfoM9KcDkISZ6ZhOhVd0VioOsmFSFQiF6H1I6HxkH0jM1GthFg/DnnWx18BHo5IW23o0qNneSMjB2nZJ933o6FAEgQsl005F6RA4WNhBtESZxvkdB0WlMimcRinqjF0HBsovJ+oAbcZxqEx0bMS8oUNAjxNNyPl1RCziSetDKtGxvhoNAumb8TImImFrq8wI2cEbT7zev2QXSVfrQonB8d3qavgD6WURlR1deRPQZGDRlS3ay6k4nVdCY+cKyPopNiN9KWTzly+iAOnY8acA1ajWSTL4N97FAOuRG5EWGgcHqgq+GG0YiTIAaLAbMRDmLDywIQ3JC6FnQYDdyPMSR+ySefezefdGJTZxVgXcx5eqKLezKF67aqoo3n+/7o4wTXEAtD5XAW7FAFay86YQ/o4jt/Z/42OZ4/BtGEmTwuQQTrP4GFB2Ya1xpIRESzXnHLQqBiaSSMnq0fgvL0xJkPfJ4d2W5gp4MeoSPk34X5EhtOgNWpAwRiRCTPxJFx0UDaONWk5CCSn70xENNEXUUahMeqPZxkhIwKPdqjDGJWylsSlYwGDO7/3sQGpcZBSXTvGy+BAp8Rg4+h8NKgeZM+nlpxrWQSk89cSVjgiR3iuUwE5xLxpYxQWBzLNRcPA8Tx+YnCgFWZ2QAZm5HHiR9MsxynmONRjwUB4RsioKAI8bz+xWcQIqqznHZuXgL9YGoKznTizyrX3KTj7m0l63njq/NaNC0n6buMhSe5CCPBRsFo+mhsrFt4Z38fmCRl71ycN9WdgqBPoxhGg+8fo5LilLqgZ4YRrbaz13FtEtL4vRR4pCsmFsUW0CnHgpI+AjvHJjyYImAWAaKn+Hm8RDtgroAHjkLiwILsDrawl4BaNVoC44BKwSJC6jSElLVAQjFD1XUm7X5UcTGbPHsPz9gQeQJNOn8KmQ+IUwXMAQaCHKiemBoaUN1SrE1Al5/51mgNyKiADPMcCZ2Oy16w50mFiTTbRpKOvsKi4hpdba5Mj9yOEZKSPyDX1MOA4yAIZhWfnEwDNNmAvLNqwZ2XPwq4bF8L7Fj5OhgsoTNw7Z4zH4JIYSMBrSXHxIUAW2gdIRgevIQ2t/VPAipy3H9AEpQ6Egg86Jakp3oABzQzwoUz74CErL6UOnHtN5TYABgFyJhwWIMPIqQ+eTqm03Zfu8VM4Ql1zBS9gUlymBEZgKMX70nPlZdJecZ9S4oCVh6yCHxcb6ET9CVwpRV3XFAhlJiHgQ1Aq6KSDUkHqoIziMnmuQB404aplkp7KrQIkYQY0lSdJPz4SPFzn/b50dwAfHB9OASr3ilebZ3pfOtbVpUwu6ZGkeSx2iJYyESMJPZZsNi45BjVWFha8X5Vj50pCUpLOrmOykVLOf0zmPSQupdKG5P7OUfFAxwUzAFyi4sglik5isHIODO2SrIACTOnMuAUizQEGdJg7+VgSElQemMED2Egtk2NmNNF5IvSpfysbBJ0ab/K7JwSitt03+Do7l/eZheNz3trvM1vU+WdjLUvBfWa/8BRPzSP40Nn8fdqffRuvnkuMirE0b++Q/eHoaUqbGH9/deX2TmN5+w76Cmf8tpj6xXIc62//6TzeN5405t7iIR9rvYnxI/7Z527V9k3WWHv7+qf0LbFvywUMUy8qfg6dfKzl72F/PsT3v125vWquP7p///+bYrhVEDCJL35yLn8OzMO03XBvrUwUPwcmW7UtfSq/v07RR+/59Mjit33YS2X0JmL/ffsKS+jPe1ozk+vPe+rVTsqI6b53yjU+/CM9wqeQ93vYN/GdEvpz3fZurpnJNby8beN811t7Hcb46GSRXAEhX3zmX6Vmo3yimbXXzEQbcdPzcQwXdOZj2j1HzwGcNA2PxgKU+tsf3kkNU0JhzLq9H9VFm0Gd+sTXG14mgDZx2a6RSlM0fheE9+7V1WRMqcHm+L1iZZvJuvMwIyrWt8GNS2wgpswhHHzGy3A8fHbTxnPTmAtBAECzoo+1OiGkMZ4OgYwYEiFSeDTT97OV5kIQqmdm007dOtVD3whHkz8CnTtiRl4eXgRHLgRxGW5jcAIpOLPDUjKSWiVc+5LW2ap5nt+j4u+2uG15bHV75OMrEmlivLUAYJJAHGw1Smmv8hxs/fkc4BbHX1db3fZ+Md5yTklLJkybpqZTEqxW+mdi69vWxl/Y7W/XfXsWANgA19Eidk/Fn+D2N/PJdsaf/fn2t2sepl8LBuVQzxbN8xTCJ78oARa2McInvywBtvYxIzrftVamCG2LQW35tPp7Nz1MpwU6KyeEk3ojCi9jcp/NQL+uy3whp8psS+PNWTqy/TlD9/qamVzT/sc/+peK+SMk3Lk6kyliytkHgKZfhpp/3vDm/prNv0cUcbwtcwGw06DYUfoC8LMG8ArBr8nS2zXgjp6k7Zz72cP7H6yP3dZBHkp+f+CfzGyG+0+a/zlhnNKr88iWRgqAvnQ32Q+/tatH8zq+Uut9Peyv/qME2CfrBvji5q4UgKUobyeXffnzswiXb0O97jqP/MXl5Z9v+fUr1HmkmbKV4C7nNzjnfJWoKl7XkrzdezP74v9upvlu/oW19vJym6//89Wh+u3rlK0AN472D7iUJ9XdlYHvdWR1R8XmPPK3293+epW4+uXn3/6QLY+jbgsIE7h7srI/NzqmV90J7u9LN2P671R+lKRMcguv38/n81WiefWzj1588e2rtCwOO/nOXq9u2N0bt+9Q3845qvnvHJOJcw64A31U1Z7OeYTxKsffqXz1848/NC++/P7V5ZKu7Q5O8XCnkZ3Ud0GTn0qJV7yuqqqqIZOaVxQr5ZFfeM07fcKAF8neB/XF96+rbCl0/N3bNw6MOr5THUowdQcvsa5PpEezFzzy2hFCYj9IVRUQUpVv6AfgXK96QV7EviUWCO4QnNSnrnXMb/PTnZZ0fA+xjZjb7im/rdqEA1r0Ba1dG6oLL7efLDS8Vy/q7/55yQXZyRzexpYCqFWBnjJqZy+Z1n4BNKa928uNPr3NuybcuLBzv/ztt98sYP4FJAYn8/Dv/3FvUXTyerfbbrrDG/PR0ieV38m61QcnmNXmFPdabUFwged++fKbr/x8/+WLj1h/ql/8ZlEcFqm3lGnu3LgzFyYJ8iv/m0SA+5W7K9r26ILP/Xt1ZRF7Tb9cmD68+PTrf72vF3at7p7ExbBb3akraToAihBqZwAXe6ubIpu3BFfDDb96lZbc7caeaR1Wi4EviovI3cAHDuUyNZbd7biT79zQBfziTjDdReRuH3702Tdg1gTLn7ffF63jIqFsr7pdhVZ+0eo++vgzDz7ePSsAP87V/o2qq+oDwVsG36rRfAvEF9TvUL8KkCmzZenkxkHbZLlqqSWcOLyIdNX3r65mzcby2EnHZETtQTud1NWea2Fnv3ZFMRKwR2AwVbdVpw1QtwrXw/0LRpdVqbmS+1vAq2LqCnyD6hSRftM+YMXrmnOs+O05F9ZUWNUbDw/dGT6xj/taljW3oXQeefKUr0McufOq88ga3pdu3qSanKvrmv0NFrlf1WbCQ5bJJ6EvzwphBGYdO6ecGrxApr7SApHHTygRBvpMAosG2sPhZBzOHtpzeg6FZ3EQ8wMVdKn8vd8f95k2ejbQZwU/e+4pLQjgjIngfgvkTsuzgA9ByzLoHvrRZPw0peS4UHCmcwMhhosG2nrov+GNmABjCr4Bw3ElpPlzNL48AoTYOAroR2qax/4ZAUwjHMx/kOBJFMo9VtGzdB4xVOZM/wwmhuDMdMJ1GXQPyYTQgc4jo9xSOo/McL11HpnM8khsjs4jSoz5inQemflSicfjfEaZPVOdRwYTo/qj5wydR8C8VikalHoE0MbBMauEcTWHChkbqHRJdLPG+BGt84ikdB5ZW8fSkcCw1TxxIDrdSkj7yHWpxOCZEJOZeU7cmek8Qh2QltV5JJ9CaU+YOo/4iGJJnUccpKMEDDU3n135Wv0UCEeQ+MQYUywCPTi8TElzerJznnPPlQoSANCQjtBSQabAA2DoQagFRShIBoegHWHAlZqn84j3XlMdEZpzrsQMx5xrR+UWZlYHRiYCocPSeSRwipGksh10SVvdfxLANPGfhtAPxAVOJ/Y4BKbgJoEH7bTnwWtH9SbxoB1Ln4DldR7h1MwJQbZ0CFBHAooFDyAPPnjJ6J0CDNg6jwRO604StAaPT9nazZN5+dM6j4AZQmdjCcUZsUC+EceFiMKqgSaQT0YTwWUwgBbXRggvrBI+aNDmt4BNkt5EZZUYeOkVYGBCmjdP5TASQLEfMREKrZ0qEWSAuR1ox4XwkXAIOmnC3IpBP0TBNZ2lEddJexVBtk1fbkLQ9XetUvPdNGo0FuDpTJJIdiLiEEwQOiojRFSBe5pVUBGwggWKbQi9rI4EcQz2d3xENtA8xigwQxFHWgYTSa76Mqk4Uh5woOJe+CB59EHKPskzVB3Fj6JRUQgfdMk6b//4Wf7cP5LjmY0KijWBoySfijxDpOQbicZkdjrqEzyJM2W5HkaFGKn569oYTQQEbUTMrAhgutgWgXobw2kWkRDTc5wMwjbHPkzA9GVNwW0awji3iNZOeRrOYH7UOKQwsTNEWucRb7ARMRojeNIqI/QsaeKsK97/YJ2MvrlQKDhbVThRWFpwkwFgYG2c2tzajByLKBFQoujLRAUqwy2MILWWpCzDgXw6gdKeZNZO+kFEG63FsU8RMLAWB9pxIA4KEh1AUGk/QmujJTxcmMLHwYogy5V7PAKKX4gGjmfWPwTTtifhYqejoYgZcgArxsANIhqr9JNo0CsvFMFs4gUaQhAnfuCnOSoHVLoYju1kEGyO0URkzVMZhfd+GCTHxtSTuYQP/CQvWJr+iOSWkBj3CabjiJkFOo8INRQMnUcIST/N7VgSzCZjRWLdbUAdgAmc88jMCqjzyJAES5ySowZU+QSU4yimeRxLOUI7jQIIfuIc0P0mLevALMMNKScyJQbe2rGHzvQj2ikJWyANTENNxYQcn/TQWmHihNJ5xJAoLqIrAxFNQg08PrJcuUdP2TqP+IAmehmssco/DpHWecR4r9PYzqaRRALUeUR7r6VQUQSKoOfBa29sA+o8wrXnPKjYHPU1W+eRLMYYQZUFsxkqO5ABqArhg2hY7rWidB5RpIEwi5TOI9r7BOeXn1kfdH9A6zwyJo3MbOJdSZtnk2ShSSQzAUebvjA4pAQ3GZAyPyhLJhTOh1NK55GB9yMEFUZFgmJpZ3JEoP8GV6A+MuV+IEB9MkwNCC+EOo9MBmE4Yeg84nmQBCE2Zp73+ZjSeQQjD0CPklLlwAykp4OhnY3Ac61i5qm2XnqYaF0oxsG5lKI1lvwHzgrkQHoRME9l6ZKidB5Rw9EzSueRoXRJAp1HJt5HcgSinRJCRO5kUJkx1vep2U5LPjEYvReYAf03PKXzCKhwjJVPjqEXQ3KUzEcToyidR9YTO2/WzOj7u9MVW+eR4UCNKJ1Hxn1HzUi5T+s8UrAiNQCgB8HMuKVdhnaiFNWMNAZHDJ1HgMYAAyVYOo/0KZ1HChc0pfNIEWIhucTQeYQ7ya0RumyNqx/nQOeRAdF5JMYZqoV0HtG0ziPNqXLw6GNQFREApDahhOLwQzFl6L8xY+s8EuMcnUdCYZrSeQTn6TwS4yI6j/THSBoPXK+dziMTWUYqXytP4BwJPEMXinmCm8zXhYLBKjhuV6XzCAcnjVx/IZ1HQB6AxBgsnUc4pSNKYug84hbRf6NkuZSKLSakZkg0vFDKisV0HtGwILKzLI49POU7nTVwxNZ5JCjMcGqtmq/zyFRMlFBiQEFwqijQAAPJRJwIpZQY9+fovxH8BPNMhDmYNBRfd1C6zqzPkqFzLhSeKbjJojqPRJpVAoLdMEd1aYOZX2iTJCXhMVfnET1EOg/jOTqP6AGJNISrzcQqnRZB6XJERCFrxo81n5qcpfOIfpTkcK7OI88j6B9KUmrNxSwDhf9AJznMQE2etNgpnUesSUlqDRhoCVXsmweQT2vFHJ1H+hqQnKvziCRt1DhgLSTp1wLeldg5j1BqE8pFdR6hWZEmO0/zdB7BpXQeUWBhyF4QMAt+rs4jfiCinQZDOZ+SC7iFnJdzHnnI0nkEbFJEFSl5FEvnEdZungepwdMec6u45IKh80gYUzqPCJ700HBlGyK4lHzQ8+C8sqiAOBR+hNGDIgOH2jkd/DydR7hOwUeI4Gnphozob1hsUKeDgIKbOL+YziOwZQ7lOAF9taABOTUWBIrNp2opnUfA2dspTwydR6BmJNJrNnQITnLB1HkE5r0x1mXOkXPkpoge0E4Hg+tlcZqO9BEA5Vzm6TwSBClQBmISR7DTxjasEmpmoc4jIgo0Zuj4NMOJEFRCZEMVOWOTGGM03IDTdPDcPunh84EkRDacDJkLxo8mwo8tU+cRBBKq4UiWVad1zIF0QiaqBXUeyaMg3YNj1R9ZWucRQXqEh15ljXFYNCHzNPiYCTNu2Nj3EZAPk+w5yIPnmolABuGYCUPnEWupM8UmlTPHFOJDPC0wtLTOI0rMTGFEzQvHcqQPgE+gziNZzO10SOk8AgQh0caqhqJ0HhlNAR3B9bBgYKMyExoGmBorINmMmGVQ5xGDIUQkG8/XeWQUDSEzhjqPUFky6ANb55Fy6dwACm6S2wV1HhlMckqOk6cMGRHc0MaGyTMTpzyl+QkZII7I2E8yHEiFFhU5SdvMJkBvoTiNjfk6jyiSMRzD8/Z8MjM22gzHwQUsb64Y+TqZghLk6diqARzWzCMYOjuQyfEJRcaQIbFyMFGGG2WtVUYDncQUoACurbVWCWUHTgIOlvTUaiMsIOllSonwUcoqO/ZK+eD0QNioNWAcUgBsVeQa6k6pQZ65AGRCAo8Aoa6sJaSTjjb2CxgrfGlzTyfPYYNezaDOIzOhk+QCY4yoBlohKu38EFzhJEU28VIPBEYkrMw0p/+VAzIxouCaACcMcDEDhmOBCM/ezox8QmhOtDaKpusRhJrBKe8bC8iEZNByTT0MUEwUFUfgfEQUpcslRu+c1FpLBhfvtQRsaDKEFUVOau+9llAXCu89oA3YUHmgmQGinqYA+GgNuGlWNqDMqFomSXNkZFZrmVhk5mcpaa0ZKZU1p6n718jAlsxE+wAE1dFSw4DwIVDhwWY1zulrpykyIXjAA9BkEQqBdf0MIO9pPRuZOfSsHEoNycgEyFB58vTFNzDrXpaw+9IxnikpU1qEg1yI5GMpWTqPzOMt5xJ/mCQ7P454dqbZKTEoslOieM/J0gIPXGkDIwTcPDa0tiZLsUp90FxjkUkyOUY2lr9FmUtSMnM4lyyV7YXy5ErAfWY9nvPI2/o8GB8+Lur821rnkeYWBrlX3TZDe83G23I055HB8Onb8X3jqRtMbDN03ys7r1vLYynflu8bD1v82wvN7r31uiJWgX8OzBZzBdbqBhfq+3NgtpojWKf7VSGTdYP5z8l6Hm13u6fp/N12twmTqeZ6uruFaRgWt7vZlaL5+oera+lOjw6k1IHtpiqHOY9kv/Vfvbyq1s7dPdxpOyfKOY/QlPAff7L97Y8/WSFefvaR+wZfq/Vy4BeC3+mp13ZN/qQUWFjhwsvPP/y5L0QbfZ1EQ6wR9ludw9MQ307Za9YoK7ZCR70X+z71r66mxlqhe1L7lxA+2fZe4tsRf8UOECMyKqc1Qzmf16qCEMLPX3z29T+97UEJ+OWr779byL76lKnQqv71H7178esieS9lLmKfsV65Fh8+iX/87sWv+/eqqq4u4r//7EMa4M24ezG8urmIFauZ797Z373trVaPF6N0D3/1Orvo3o2hY7xZL5w6NPLZh+B1CWgYs37j8NDIF4zXGWK9XNuoFhYxr16KKjXX7zq5g47JFBYx1dW0lte93zgtDGOc+/vS3SaGMTbDfemQybrB/Ac+3P7AHbHJeimKCk3ur9d8PZBJ+9p66X2MTLJ8vebrAUyMMWKdzLifn5cjY4QN9sRulkdkK/1esafbsmSnTBA2mP30Z2GjmN46sLJEGQv8SG4yexbnxPRXWwXN6l//rVTZFepR/7DZntR3XyMxDWqrOPHO1apMWSafK9UmC7N2XC1nlPTyMpmtAiNMVqYsk/9oo5QRakNZWlfOzidalpjYJJBYpxn+eqXy97wi///1ppDJWpeTwyYR5cSIciLISTinFSsYJ5ex8p92GrEK8hcrY7VYTm7EGsjZxTXI2RXNSZ0klLNLECev4w7krAvoNEBONTZATrWATolxUicgp/v6JqFAzMillFJ+VRP9ebnzgUatlTqmw1c1KdRXIT7WixFrbQz1x69qEle/eC2stfbFzpGq7vRlffgK+z3vFFaPX9VkFK4LeLn0mH1ZkxHdwls5L2r/pX3d3pmCw2WQ2Rc2mWNfcbhNX9z78MYrRBXRfmmTVX0ZQgh481/e++rdVr7An0HRL26S4Ef1VTU6+/ImdBv8WbD96iZrFVXl7Wi/ekkopVRu7RVrW/OtDcxvw9vmOQ0PhAWmlFLiQtMJbHd2uru9vX3+pr4WrhM7/QNgN2n7J+f+/b+c+8eFALI8kxjCXtec7zmZOu1W/vYEcQWGm+4FEHAk5EDQwbgrfLQR0UbAgbZQWA3jLDgtYaiJtxYnrrR3wAfhqSbxFGOkShD7bmHvEbtX2H1oD2jjJCz/lEylFajc69oWRhU7p6DI4by3u9NpqbcJZMzDCH0coY4hc0MOxhtc8hp4EGeMKKthlNGHmBDoAgeUN6rsO4HMUuU0xstbJKKoUoMRPjUVPtZe2ss5FvW9cCCAThiXms6DTKm2JPwYJU23087LOmzLdeodKXWPk3ijwu3efeahQmoJLSWZZFrOCDVi848/Wqba2st4SgKNrmC4VraV3AY8gIQ31xifYyut9ZyjAlUDQGaV8EDKfWJ70P46LISYY51j3/d/4OeYiDHGOQckEIEPvJepJnH3hjsQdLkoyxCZbSG6ThFu5NMNBT6GZFKCsoRKaYEKYIwRKTshnm2oEFhEuh1JB1lKkpEVrUHmQKhdLwqabse1EPOsBDtlEds7oUjv1nuMwwU8zMOK/RGo6IXQc8EVFhzDFqLxV9tjERaOE/Yh8ANSGUWMl6QwYx11JAm6N7ukIanKMLDLSbQxq3hapkQfSmARwrJjsF4IJZRgmaK2Uwwi0Csl5hc9rI9GVpKacfiqQajt7bTKr2v3rhUxRkWYrGGN7s2BZFQQqHJDu/UxDUoaurrBJaikguOYv69BzF3aN91WuQXucKrGeO+B93SpQtcSYHmyZnYkBFXiIDIqlHWSmmpIgE07eWl1qr1PDiTS+/vv0U22A9hNUxhVMVhn05R3oGZxeC3Aaut9r1N9GcNuq6wi7/JQPL/gnzadHilUGEXBOTGlqJpFTSVXX2LgO3kpdZ3967ckY9s3fA+UKufVNMhzIJWKGEHPRCJflFHgDj99977WVJMQT8S5N4Xx0lKNCHt9b5N8ceWMUH+6cdDsXLtVRJmN18M+aA9sDtN7B9eQfJt70bXKJ/LdKMmaW2TfjWIKb9oktU7Xu9nmcF9+fBbh8t3H9cZBFt7VdQx7LrhNZMFxe3lPX7rSiSZESWrmpOG/cUwphZe1fi92N8dz9PoHPIuryCxmGwc3H9RHPLjNZYFf1/felE93Teqb8/bfOLvr97jZHH+EOFOuG6TmePkgxcO9Xb2hoMn/7vvyCWcfyJt4vMlwi8RaybQrl15L8vcHoFt/k+yrwYAwUncsowALgg1xEy0IhXjzXVlCkRd4T3uyAp7F2xitBC4PLVhzL5VRtAU0HAi1UXZQQimMZI3W5x5XWiljjD5HxT6Nj0psbPfuKehbpb7PARyPc37TC+BiLEv6e8EgrXcvY1l170tqEByV1oZIKkmwpqrOO1qTjv12Unzd7wio7LuXLbeOjknfKhVvcDiU9QfncEXgb+DYHPoarHTrEoVXZdV9oN8nKzw8dw8uY8Jz+V2UQqTG5yTwMEhZfaD1OUezrcWgNhVKOju9h1xE6l+22ENjyArGNTNSprq29pIxpP6A7/V2WXbmw2zZGaAG11tkj7b2WiZYlRVH5kDdK6nu9p3aFSsq6uolsCtzvO16tyMY420v2cHG+FhPujv1eYe5oi5vy173c1e7ZMz8uuUQ2IERijH2kRF0dW3tvGvjjuC1cfMG3C9jzGYA51LKuvbzLpm7ZEQY68qNiGRbaOXUAUAj36air1qdc3S5hJfDzbuERqhVN/XnXUDHKlZYwU3fG6FifAJHNwCMNN1T3OIq8HYCgLbj5n6c/SRCCHtG+EUJyw6oKkWkCni66v6Afaih71iArFuWhCOW929YJIBZSxcn7EOHhJlhXkhvLayzmgP2IyF0WXVz3t0Ijkru/nyjr4YF4XYDhFukipylDBXjmtiKfUXsnIzNSY96w3BvDPTLRejGKr8RgyvympLvO5s2cQrGHadQmJNXE5fCMfo+gG0ych9ekSxiR8Z4D/pd6UYbfbkq9FovFilSSsm6r4HUC5nUWjKMdWkWKuE9zDDDSq9bRGfFD8h6UNBU1FFFe1a8SC2llvNsgdtcyCQXMS0ZUcq61U3F+qCNOlcD2yTozN2HsOkL+tO66XAhohAt+u0uMoc0s8tEdD5UJeIsAXpdyVjwr0sWSw7Ysad7ajDGyzm3LaJKEdbNilgR6RnxKaWcf/8i1jnjI+GBmcWtBLuFChra3qdMVnOOF554ti1CQ/u5B55KVhVdpuj5n6TTzQM4jW9VtgBK4FxKqsjjOsMli+1GAV1aCEV1hMTsKrEqrRbIzhHl6wuSFRiswTPKmhPBqhcqpC2CCiJSdcqIiIvc7YRqVdIlijRyBTkuzW6Z4uYDVnGjq8XtXrWw6cKzipR6jm0yhFlc9Am6w4zEhuuI9fDxILz5u6g6ZkJMih1muTG5IOlXJysrbSQgQDwwY+SCBCEpyaK5uJV3t8Lkare4qqKgSuCgLZgdFuXNicYPb2MPPpiaxOrp/QDFYU33IOYWVMUqIRzo/EG4eOZJYC6vRzacXS+v7nzZ5gWE5U140OKiCmizOkB3IzHfQ1UteIe5Bziw+gVxzDkHgcG/Fjl3eFtwZQigTfFm7h7AvEGL+3C+WaG0olcybsPFn1YiT34v5+wDZeUuuYdmI19W9D7DuwRtCc1sQsX+c1QafRGj3V1ANRG3AMWMnJINo4eW630yE9ldfXZR3U+s2b+3c81U3y40FAB7RIRITgKDtaO0YNXSz3SfqGqZ1ERL+RwVkMsbirlZ6fVakyypYmWLoghrHgnvk7Ig1pyFWfI5OhvCtNYq3r5ubhaISIMKFpAWQqRaxV1iDW8YRHaqwCepQFF6KpvMCpHnQ/keile+gyDTsegYVex8Mt5KTD4ASB17Y8oy+QKmd15fVRcg5+0BoNltTjJ86U4O3F7Lkvxt1UcoBV5BC5SvX37729fq96Gu/Bl+8xF8FcQ2gZNSvoWvvsvLNEKAH+qKZZ2UUq5DEbIU/f3eLn/rdu7GiajulmkE8KGuWM7J3k5hTp75f3u7KSW9LxdDaLe0fLs4b3/39EhKj/zsX5vGE3/o1Y0Fgbs7grsyjZ978KKtLOH2d1p5pizuyrMF77bRKouud7AYUGn5VuFuHO52EGstzvhPJcjHKMqlcMIXgurgUVWW8e1HIQT6Q11xa1HI3VajnZLL0tliP+UN7NS1NYkvdPeMPVfgbWL1XdEGsWb2IZa5BQbrItlFGFRHHYV1qnOzX81/Z005BwCdc2ePvg0ENVKvLGXvFD5V802di3Pndwx2I0TL9taiXaW9slawvBBWzLOXX34U6C/Cp7/+owXvV7XfUa0u5z24KCWXku6xY6QkiXFp5hLjUtLYzZvY3eNB1pLP4QRJOwpSci7fApy70UPkp3jYPbhb1zVnflbBOKvjjteAD4sYTaGmTHSarXB8Ilx7v2KxY2QAguK6FK5dvbx8fYlwO1zQBuwwx9gBCrvAv7pIlmKktmPZ5YIFcXcq3Oy8SFceXQnFv23jGx7A0rx38J8Pnmk14zvxwfiR+EJyziVfwD578RHLPv7k1/+54OG7nXX2aA77ve6OBG176XQwMCUpuXaEEKDTTUlzQzOgSgteN3INKAQOugi6SToOs6JTcl0EkEGnpIMs/eft3Y0dtXtCFycVo23P1fEpTKnivBKIXnoO+hCMUaAkQmGMqqh1odGSFS9MnXI2/bqulDHKQ/BKGCMqvgT+49N59hlc7/SCH1+K0frFQvYll/PsK6mh/bAY+mk+Yto2Jn8o+SFf09C5+/nHbrw0iAYXskgtRf/gz49ElA+FJX6+xa+Y/3366/sLLhQu71I1g922UkpZp43Zq1uETahRS6nRWqWQExqAGKd7E6huANduOFJqzKPfA4ysUlY1CGQXFeyBKP+um7WLf/sOflTBOm3n6p66U5+GnUNe38Ze8pyLlFKnnarb1UGq264ODAY95ASq20hYw4pCzQWhX6egCKNAONTwbd/odwkJKfji+OdXK7K+IwsDd2Vp8DHqVdo7i14Ua1qd3JyVJyikj5jSostDRlQHSx7Yy6piUViOI2CVeAnLmSoMbhJCAB/FkMVXd0mLHhQTe+0mbOfVoYBKBfad6hZQDYN1zWVXCZdqa0PBQBGKynGwjDYx2gcBG1gnpwh9XjeUq9EQyB6adqpRYK/sr3Y3OJqdw9O7tatxN28l3bGqV/HTbivw2+402YOKG9swrZQqftRWdTdZPCUMkk7K9kC33mGHsIQZ4acS0Fc2VHeqYFUnYcMU4Ccpq7VEIU+WWg0a/UIIsfLBc4skBEX3jKdpaI0OJrSGBBKYM+rxrD8AmcVSvvHUvo839fMaIV5/S2/NIy61W97I2sXfyK6yaY+Hjiq2hzgKNJwOQQYnXI8H3eWureqCRxKqR9BVqGnwpGyXA/r6QKOqQ9A1AU+qYM21Nd2Dsr8bKQ5Mq3d0yvlhK3PiVEjVNgT7bHT2hahw17QPUXCNqFUSKHrKgrJCtgqqdIEl0QZ16lOj47lIJnmxXxNU+1nB+iS0GvLuZtvNgDfr+nV13tDee6ptU4Kz2rN7IdfBFvg5SfXrl1eXO2+/t9POG8b1AikzjkgVv1nLuU5pyagueCONxgI8dEUDEEqCAU/oc09IqiSTQg26BwsEVHWPB2cbiZf+8/Z3T3YxN1nvFLt256RgdtTJenPRasgKvPHskNQbeMV9G0PFK6+M5wX2VcdTIFS76Gp+2LaB77dcUZhwYwucJKtPeaVcI1QbDW5lc7Fco9HiJCeVPJtraHwfAIA9h+Q5WQkkQlGVbrG8kB29gC+F2JLj8OTeTks1Ol0Uch925rXnOxdAdYFRjHRVQ6BzKIQEYLqACnAJdaOWSQDGIKEiPUO4qgKlfxwe6ZXbLf6Eo47arwqc9szOfHRIweOkbRsOuEtsYFfr1BQHFYHtHDLQthLQ7zY0D5k8AeftCdrCJq2lNb1q47kBxbzJ74ZVmeQPiHamCLKTRNAmSQQiZa8YESm+DD5+8fWrd1Yyrr5oCTRanczQBYNjuHloYA8iiYZCYE7OXR2U0gzUpmZBFQDWPXgbGFdfVAg6ZmcXlazuAHTnI50CNDrU8Jt9eExxiJ4QkY6whDixmafQ485opHFsjQFc7f5mQ2vakxaXYJVpoapZYM2BaZhkwLzSbBqPJxEYKcVMWLN/Fbz89tXrK6u5To50wWMbmzv7VMGwhOvRDiX1+wYagmI3Ti0wnBMFgPMBCVClwIGZ0u+cAyfksN11lNsl0K2wGAR3d5xzUhVdCYJYReA7qltRP1jitAXdSbdJIFlAu3sIuJ7yjeduwRqwX4uoM9U04qC9PwizzxawwfGkKjofK2X/KgpXXuMqrns/6IHT9Dt5q9NW4BRcF1U6ADuRkwBsaISViyBBxeHIe8M4b6+6/NAb3guurVwAJZZNJDtdY7hUVh/ADgPvTfk/b1+DN3+f47Ld2QVn8G/XRynvFWhqDt5OnYcsmBZKDlabtjP8dmG8rmtQJLV8Vbu6Oq1UJ+thQeiwLuoW+1j7OwUHJAsdDBX1xibefG4+C11KuGSmGgi5g6avOKh3ELoFyCgk765C4/ex2Wt3eiGQQbddmTdrUj6QVoHcMahDFw0boSZkeqkOkMF+oK9/09iwyQWXMLmkVApBt43rSUf2C12EuwnbBVxD6Xen8gBvVLjTTDyQmnxV7Fs08qteo31SHSeTsVCL1OycVHgU8LjbTKriFSqQED+wWdtghSbJ455tyaoqljuCH9ZNjZVPjQKnTrV9xauq4Lrx3GIW9dNZqJUBhQeAU6Y6h31qbAASsfQvi3xxYFPkNhNW7oe2EhaVAG38rm0oYmzIrmooJQzyA22VQofKBuokHipw8lR1eUBAHwz74Uk1lFVKKC0PAxKuTgltyv1qd/e0hW0wsiKcntSmVXdr0D/HD8ggC6fYcNU+INNyp5UUynV7su2QwGEPhJFDxU9P4FgNK0JFKhi2U7sMnLc/RsJV1+g3G4JBmmoj0dBb1JWmMIn5ndnOb3m5ctAFo+ZQ7hfJd3KlLOye411rFdbO7hawENRIOkJMaqfIipozBt9ZQmmHG9mrrbKqDZNP1oL41NLIXtuqwtel37kboW2MaWI4JePtMqOMCwiShwOxmKvrGkOrYQyGqq72202lhOpCQnfxoKMI/d4J50cpM0K090/JycKuMMYlMN62OqzBOMz6ZMM5i3VvqYql7MpMVYf3kkS8bDHw9yDich4FY2QIgXMeJKHAJU1yLke+NH1J02cRClyW++ve6fHxYLS7g6PmvajqunaAgzhRHjlHLyoHyFSEpEBOGHhAgb66rlLeQ0p1pRj0awb9iiZkvKrqDej4hiZzoyEQpW2miG2SiJcqy9vRIkRWaX4V9D2VmdK/2jlX85r58QSb+85CnvvjWl3NGYxoCvV8nvPpOyYHzsnGG9DBjIi33pCtTBFeC8xysfMu03vwgCGWXnDwfeNB1jehAyUQZzCwlSniJtCpLgnkHAjfow9IwZPCBcl9Zv14WfHhrSqLtMkUEVRrDdsGpMHxuA8YY3pNBxcj940HgK9XJTsoPvkeQppisjJFcPQFIMjVgvI++iAtI8AxdrC6YbnAChvGGgC3md+xc5tvpQKtc+BcsJ3sVCsoePRWvG+8GlJe8ZNOzH87d/K/nTtz/b/NuLYLD/G6x+ujw9/+8PdH/NPZ/vx7Kbw4+X2fe+B4TiCHP7j/Xjw52mDwp7d02i+h0Pr9DzYYbuuqmBNh2Zynstq/KSWY3ugm+isv4Nwnr3fLJ/hNrckMWNxmWqOre/dl3N0Y7odBM9+/JDPKvwXmP3nkN8Wu3gshVATzZquv7zTLJ67wm1JrKcmKTbRG6/cud/Oy6YRQnTfxPTAVi3TrMp4cH53vTb0x3ntFCZcgpayv91pZo3zCYPfazXv01JY+0JvhZheMicH49+KbnbyEzju9qXCn9ybekp41b7Zz2X5gT+oLzs5Hp8vr+91OSZ1ffjNr997YSEQF8FozZsly+5xWHXTFmteXvEW0gmiLcqoLhRCi3QWqb9yCAQdmVMWWFoCqWRwYI9fgLN2cHHghlFJz1YKAChIQJTh28jKrF0NTFCugXAxzdq0Y02ZZ4yKFngNIRc/liyEYA1xTdnUeyTu7ZKaZEWr1sOCk6fBEqUXnzXOw4NKi8/ih5keHkTmFMpjPlGp7SUn/0c4aTSHKLIwRwogWFP0DTqZIa/YsmOiChniGnUFZwjDt5szqR0qQzc0nAIf7ESGg4U6PyIIRL+dOnI2eQxlD15M5ZY5Sx0qJeX6uvh8MfXdqGM0gL1ozJuFkQXp8t5ObphGiLOs2IzJrgZwrUAqO9xaYBxl7kkzsqfQsbfNn7CMrOTdLEmQpWVBj3O0gYq6UAVZ2nTECBJxSVywiYntnd48h1Q17PmQgMjSLgdasCZUl4udMmUxTc21bbOZlqabVqOgR6V5gjKlSrs9OBuXZgbr8gKMLXZf03i80+TkQREsYRWyueZgNnZjRttvdAQLt5GVeVykhlEVsg7BLUv6uR+uuxJqxZM3Q+mUJY0rzUlvL1Fmp5nu7XUnCqyYBhuptQG8lqh7pOjskyljqWTG0VpovpNHqws1eXs5RXImhtJQwcwWg3oaOvpMRRiikjjW/262gwDrE3jDsWh1YVhNPGa8p+Wec0xUsUtoOrwgjqPh669BPSwhDxwMobaDIUpTKUsEypi+6jCFLRa2aKaUUVNeIjuO3Hd3jhGAUOuyygYoY6pfFgyxoUoKmyWL7dqR7XBp6CJOGnKYUkIC90mJYsolu2qe+NzDiIiV24QXCfPMmuE5Sz4v2LTcpzjdvTvmRLXncSDmxPMfA/x5Dk+cYCJeY/5j/mP+Y/xi36Ez24SmLb3t9SfFaPmXxMqtLmkv1pMWqoiyR5+/PWrRnyhJrrXzaYiqpanqKg+G5D/FSPMnx/ONPH/uTHM8/8tP5SQ75J+ck5HaD8Zr/Mf9j/sf8TyElAAA=\"></p>', 1, 1, 'thired', '2023-01-16 11:15:43', '2023-01-25 11:15:43', 1, NULL, NULL, 0, '2023-01-15 11:16:18', '2023-01-15 11:16:18', NULL, NULL);

-- --------------------------------------------------------

--
-- Table structure for table `task_users`
--

CREATE TABLE `task_users` (
  `id` int(11) NOT NULL,
  `taskId` int(11) NOT NULL,
  `userId` int(11) NOT NULL,
  `createdBy` int(11) DEFAULT NULL,
  `updatedBy` int(11) DEFAULT NULL,
  `deletedBy` int(11) DEFAULT NULL,
  `createdAt` datetime NOT NULL,
  `updatedAt` datetime NOT NULL,
  `deletedAt` datetime DEFAULT NULL
) ENGINE=InnoDB DEFAULT CHARSET=utf8mb4;

--
-- Dumping data for table `task_users`
--

INSERT INTO `task_users` (`id`, `taskId`, `userId`, `createdBy`, `updatedBy`, `deletedBy`, `createdAt`, `updatedAt`, `deletedAt`) VALUES
(1, 1, 3, 1, NULL, NULL, '2022-09-15 12:43:16', '2022-09-15 12:43:16', NULL),
(2, 2, 3, 1, NULL, NULL, '2022-09-21 04:43:02', '2022-09-21 04:43:02', NULL),
(3, 3, 2, 1, NULL, NULL, '2022-09-21 05:26:43', '2022-09-21 05:26:43', NULL),
(4, 4, 3, 1, NULL, NULL, '2022-09-21 10:56:22', '2022-09-21 10:56:22', NULL),
(5, 5, 2, 1, NULL, NULL, '2022-09-21 10:57:59', '2022-09-21 10:57:59', NULL),
(6, 5, 3, 1, NULL, NULL, '2022-09-21 10:57:59', '2022-09-21 10:57:59', NULL),
(7, 6, 3, 2, NULL, NULL, '2022-09-22 04:05:52', '2022-09-22 04:05:52', NULL),
(8, 7, 3, 2, NULL, NULL, '2022-09-22 04:07:43', '2022-09-22 04:07:43', NULL),
(9, 8, 3, 2, NULL, NULL, '2022-09-22 04:08:08', '2022-09-22 04:08:08', NULL),
(10, 8, 2, 2, NULL, NULL, '2022-09-22 04:08:08', '2022-09-22 04:08:08', NULL),
(11, 9, 2, 2, NULL, NULL, '2022-09-22 04:08:35', '2022-09-22 04:08:35', NULL),
(12, 10, 3, 2, NULL, NULL, '2022-09-22 04:09:14', '2022-09-22 04:09:14', NULL),
(13, 11, 3, 2, NULL, NULL, '2022-09-22 04:09:43', '2022-09-22 04:09:43', NULL),
(14, 12, 3, 2, NULL, NULL, '2022-09-22 04:10:13', '2022-09-22 04:10:13', NULL),
(15, 13, 2, 2, NULL, NULL, '2022-09-22 07:57:09', '2022-09-22 07:57:09', NULL),
(16, 14, 3, 2, NULL, NULL, '2022-09-22 07:57:40', '2022-09-22 07:57:40', NULL),
(17, 15, 2, 1, NULL, NULL, '2022-09-22 08:01:00', '2022-09-22 08:01:00', NULL),
(18, 16, 3, 1, NULL, NULL, '2022-09-22 08:11:50', '2022-09-22 08:11:50', NULL),
(19, 17, 3, 1, NULL, NULL, '2023-01-04 09:08:53', '2023-01-04 09:08:53', NULL),
(20, 18, 3, 1, NULL, NULL, '2023-01-04 11:44:12', '2023-01-04 11:44:12', NULL),
(21, 19, 2, 1, NULL, NULL, '2023-01-15 10:46:35', '2023-01-15 10:46:35', NULL),
(22, 20, 3, 1, NULL, NULL, '2023-01-15 10:54:47', '2023-01-15 10:54:47', NULL),
(23, 21, 2, 1, NULL, NULL, '2023-01-15 11:16:18', '2023-01-15 11:16:18', NULL);

-- --------------------------------------------------------

--
-- Table structure for table `users`
--

CREATE TABLE `users` (
  `id` int(11) NOT NULL,
  `name` varchar(255) NOT NULL,
  `email` varchar(255) NOT NULL,
  `password` text NOT NULL,
  `userRole` enum('user','admin') DEFAULT 'user',
  `phone` text DEFAULT NULL,
  `address` text DEFAULT NULL,
  `image` varchar(255) NOT NULL,
  `active` tinyint(1) NOT NULL,
  `createdBy` int(11) DEFAULT NULL,
  `updatedBy` int(11) DEFAULT NULL,
  `deletedBy` int(11) DEFAULT NULL,
  `createdAt` datetime NOT NULL,
  `updatedAt` datetime NOT NULL,
  `deletedAt` datetime DEFAULT NULL
) ENGINE=InnoDB DEFAULT CHARSET=utf8mb4;

--
-- Dumping data for table `users`
--

INSERT INTO `users` (`id`, `name`, `email`, `password`, `userRole`, `phone`, `address`, `image`, `active`, `createdBy`, `updatedBy`, `deletedBy`, `createdAt`, `updatedAt`, `deletedAt`) VALUES
(1, 'Admin', 'admin@gmail.com', '$2b$10$AZQak67uS4QyOlmxMIqqaeg2bj/TAavwbpjl0l3x0ywDAAXR9iE7y', 'admin', '01718069307', 'Dhaka, Bangladesh', 'admin-1673181984128.jpg', 1, NULL, NULL, NULL, '2022-09-15 12:36:39', '2023-01-08 12:46:24', NULL),
(2, 'Ashadul Islam', 'ashadul@gmail.com', '$2b$10$1esFKKVsGwA9MZ36GhXCBebF/aDdlPLkuCGhRDjFOSbCKedAdSs4q', 'user', '01718069307', 'Dhaka, Bangladesh', 'avatar2-1663245544637.avif', 1, NULL, NULL, NULL, '2022-09-15 12:39:04', '2023-01-08 12:56:28', NULL),
(3, 'Asif', 'asif@gmail.com', '$2b$10$T0Yyr9Zx0QTA.QjF222wMuvgxI4FgtvMz8pSez92PLmSyvjuT/c5m', 'user', '01718069307', 'Dhaka', 'avatar3-1663245606982.avif', 1, NULL, NULL, NULL, '2022-09-15 12:40:06', '2022-09-15 12:40:06', NULL),
(4, 'Saikot', 'saikat@gmail.com', '$2b$10$N43jAe3cbkPw7fUd2789MerKldnxGeeev/3R5a.Rs3DkvfVS/4HjC', 'user', '01718069307', 'Dhaka', 'may-gauthier-0j9l9xrymso-unsplash-1663833732920.jpg', 1, NULL, NULL, NULL, '2022-09-22 08:02:12', '2022-09-22 08:02:12', NULL),
(5, 'Porag', 'porag@gmail.com', '$2b$10$zf6TIyEWY0TSfVD3fWlrRu7AOIQHuzGtq5HiwEC/hiIK8Rn1789O6', 'user', '01718069307', 'Dhaka', 'porag-1672913972348.avif', 1, NULL, NULL, NULL, '2023-01-05 10:19:32', '2023-01-05 10:19:32', NULL),
(6, 'Aysha Khan', 'aysha@gmail.com', '$2b$10$Ec35/vrgI43on7knfwnMjuXrZg2F/AsgiTQxmUNbUUKwXrTViijfG', 'user', '01613503047', 'Dhaka', 'aysha-1672916223589.avif', 1, NULL, NULL, NULL, '2023-01-05 10:57:03', '2023-01-05 10:57:03', NULL);

--
-- Indexes for dumped tables
--

--
-- Indexes for table `comments`
--
ALTER TABLE `comments`
  ADD PRIMARY KEY (`id`),
  ADD KEY `userId` (`userId`),
  ADD KEY `taskId` (`taskId`);

--
-- Indexes for table `meetings`
--
ALTER TABLE `meetings`
  ADD PRIMARY KEY (`id`);

--
-- Indexes for table `meeting_users`
--
ALTER TABLE `meeting_users`
  ADD PRIMARY KEY (`id`);

--
-- Indexes for table `projects`
--
ALTER TABLE `projects`
  ADD PRIMARY KEY (`id`);

--
-- Indexes for table `projectstatuses`
--
ALTER TABLE `projectstatuses`
  ADD PRIMARY KEY (`id`),
  ADD KEY `projectId` (`projectId`);

--
-- Indexes for table `project_users`
--
ALTER TABLE `project_users`
  ADD PRIMARY KEY (`id`),
  ADD UNIQUE KEY `project_users_userId_projectId_unique` (`projectId`,`userId`),
  ADD KEY `userId` (`userId`);

--
-- Indexes for table `settings`
--
ALTER TABLE `settings`
  ADD PRIMARY KEY (`id`),
  ADD UNIQUE KEY `image` (`image`),
  ADD UNIQUE KEY `image_2` (`image`);

--
-- Indexes for table `taskimages`
--
ALTER TABLE `taskimages`
  ADD PRIMARY KEY (`id`),
  ADD KEY `taskId` (`taskId`);

--
-- Indexes for table `tasks`
--
ALTER TABLE `tasks`
  ADD PRIMARY KEY (`id`),
  ADD KEY `tasks_taskUserId_foreign_idx` (`taskUserId`),
  ADD KEY `projectId` (`projectId`),
  ADD KEY `statusId` (`statusId`);

--
-- Indexes for table `task_users`
--
ALTER TABLE `task_users`
  ADD PRIMARY KEY (`id`),
  ADD UNIQUE KEY `task_users_userId_taskId_unique` (`taskId`,`userId`),
  ADD KEY `userId` (`userId`);

--
-- Indexes for table `users`
--
ALTER TABLE `users`
  ADD PRIMARY KEY (`id`),
  ADD UNIQUE KEY `email` (`email`),
  ADD UNIQUE KEY `image` (`image`),
  ADD UNIQUE KEY `email_2` (`email`),
  ADD UNIQUE KEY `image_2` (`image`);

--
-- AUTO_INCREMENT for dumped tables
--

--
-- AUTO_INCREMENT for table `comments`
--
ALTER TABLE `comments`
  MODIFY `id` int(11) NOT NULL AUTO_INCREMENT, AUTO_INCREMENT=12;

--
-- AUTO_INCREMENT for table `meetings`
--
ALTER TABLE `meetings`
  MODIFY `id` int(11) NOT NULL AUTO_INCREMENT, AUTO_INCREMENT=7;

--
-- AUTO_INCREMENT for table `meeting_users`
--
ALTER TABLE `meeting_users`
  MODIFY `id` int(11) NOT NULL AUTO_INCREMENT, AUTO_INCREMENT=21;

--
-- AUTO_INCREMENT for table `projects`
--
ALTER TABLE `projects`
  MODIFY `id` int(11) NOT NULL AUTO_INCREMENT, AUTO_INCREMENT=4;

--
-- AUTO_INCREMENT for table `projectstatuses`
--
ALTER TABLE `projectstatuses`
  MODIFY `id` int(11) NOT NULL AUTO_INCREMENT, AUTO_INCREMENT=9;

--
-- AUTO_INCREMENT for table `project_users`
--
ALTER TABLE `project_users`
  MODIFY `id` int(11) NOT NULL AUTO_INCREMENT, AUTO_INCREMENT=5;

--
-- AUTO_INCREMENT for table `settings`
--
ALTER TABLE `settings`
  MODIFY `id` int(11) NOT NULL AUTO_INCREMENT;

--
-- AUTO_INCREMENT for table `taskimages`
--
ALTER TABLE `taskimages`
  MODIFY `id` int(11) NOT NULL AUTO_INCREMENT, AUTO_INCREMENT=21;

--
-- AUTO_INCREMENT for table `tasks`
--
ALTER TABLE `tasks`
  MODIFY `id` int(11) NOT NULL AUTO_INCREMENT, AUTO_INCREMENT=22;

--
-- AUTO_INCREMENT for table `task_users`
--
ALTER TABLE `task_users`
  MODIFY `id` int(11) NOT NULL AUTO_INCREMENT, AUTO_INCREMENT=24;

--
-- AUTO_INCREMENT for table `users`
--
ALTER TABLE `users`
  MODIFY `id` int(11) NOT NULL AUTO_INCREMENT, AUTO_INCREMENT=7;

--
-- Constraints for dumped tables
--

--
-- Constraints for table `comments`
--
ALTER TABLE `comments`
  ADD CONSTRAINT `comments_ibfk_1` FOREIGN KEY (`userId`) REFERENCES `users` (`id`) ON DELETE CASCADE ON UPDATE CASCADE,
  ADD CONSTRAINT `comments_ibfk_2` FOREIGN KEY (`taskId`) REFERENCES `tasks` (`id`) ON DELETE CASCADE ON UPDATE CASCADE;

--
-- Constraints for table `projectstatuses`
--
ALTER TABLE `projectstatuses`
  ADD CONSTRAINT `projectstatuses_ibfk_1` FOREIGN KEY (`projectId`) REFERENCES `projects` (`id`) ON DELETE CASCADE ON UPDATE CASCADE;

--
-- Constraints for table `project_users`
--
ALTER TABLE `project_users`
  ADD CONSTRAINT `project_users_ibfk_3` FOREIGN KEY (`projectId`) REFERENCES `projects` (`id`) ON DELETE CASCADE ON UPDATE CASCADE,
  ADD CONSTRAINT `project_users_ibfk_4` FOREIGN KEY (`userId`) REFERENCES `users` (`id`) ON DELETE NO ACTION ON UPDATE CASCADE;

--
-- Constraints for table `taskimages`
--
ALTER TABLE `taskimages`
  ADD CONSTRAINT `taskimages_ibfk_1` FOREIGN KEY (`taskId`) REFERENCES `tasks` (`id`) ON DELETE CASCADE ON UPDATE CASCADE;

--
-- Constraints for table `tasks`
--
ALTER TABLE `tasks`
  ADD CONSTRAINT `tasks_ibfk_2` FOREIGN KEY (`statusId`) REFERENCES `projectstatuses` (`id`) ON DELETE CASCADE ON UPDATE CASCADE,
  ADD CONSTRAINT `tasks_ibfk_3` FOREIGN KEY (`projectId`) REFERENCES `projects` (`id`) ON DELETE CASCADE ON UPDATE CASCADE,
  ADD CONSTRAINT `tasks_ibfk_4` FOREIGN KEY (`statusId`) REFERENCES `projectstatuses` (`id`) ON DELETE CASCADE ON UPDATE CASCADE,
  ADD CONSTRAINT `tasks_taskUserId_foreign_idx` FOREIGN KEY (`taskUserId`) REFERENCES `task_users` (`id`) ON DELETE CASCADE ON UPDATE CASCADE;

--
-- Constraints for table `task_users`
--
ALTER TABLE `task_users`
  ADD CONSTRAINT `task_users_ibfk_3` FOREIGN KEY (`taskId`) REFERENCES `tasks` (`id`) ON DELETE CASCADE ON UPDATE CASCADE,
  ADD CONSTRAINT `task_users_ibfk_4` FOREIGN KEY (`userId`) REFERENCES `users` (`id`) ON DELETE CASCADE ON UPDATE CASCADE;
COMMIT;

/*!40101 SET CHARACTER_SET_CLIENT=@OLD_CHARACTER_SET_CLIENT */;
/*!40101 SET CHARACTER_SET_RESULTS=@OLD_CHARACTER_SET_RESULTS */;
/*!40101 SET COLLATION_CONNECTION=@OLD_COLLATION_CONNECTION */;
